file,vDCRe_beta_SK11_CD8_naive_beta.p,vDCRe_beta_SK11_CD8_EM_beta.p,vDCRe_beta_SK11_CD8_EMRA_beta.p,vDCRe_beta_SK11_CD8_CM_beta.p,vDCRe_beta_SK11_CD4_naive_beta.p,vDCRe_beta_SK11_CD4_EM_beta.p,vDCRe_beta_SK11_CD4_EMRA.p,vDCRe_beta_SK11_CD4_CM_beta.p,vDCRe_beta_EG10_CD8_naive_beta.p,vDCRe_beta_EG10_CD8_EM_beta.p,vDCRe_beta_EG10_CD8_EMRA_beta.p,vDCRe_beta_EG10_CD8_CM_beta.p,vDCRe_beta_EG10_CD4_naive_beta.p,vDCRe_beta_EG10_CD4_EM_beta.p,vDCRe_beta_EG10_CD4_EMRA_beta.p,vDCRe_beta_EG10_CD4_CM_beta.p,vDCRe_alpha_SK11_CD4_naive_alpha.p,vDCRe_alpha_SK11_CD4_EM_alpha.p,vDCRe_alpha_SK11_CD4_EMRA.p,vDCRe_alpha_SK11_CD4_CM_alpha.p,vDCRe_alpha_EG10_CD8_naive_alpha.p,vDCRe_alpha_EG10_CD8_EM_alpha.p,vDCRe_alpha_EG10_CD8_EMRA_alpha.p,vDCRe_alpha_EG10_CD8_CM_alpha.p,vDCRe_alpha_EG10_CD4_naive_alpha.p,vDCRe_alpha_EG10_CD4_EM_alpha.p,vDCRe_alpha_EG10_CD4_EMRA_alpha.p,vDCRe_alpha_EG10_CD4_CM_alpha.p,dcr_KS07_CD8_naive-3_beta.p,dcr_KS07_CD8_naive-3_alpha.p,dcr_KS07_CD8_naive-2_beta.p,dcr_KS07_CD8_naive-2_alpha.p,dcr_KS07_CD8_naive-1_beta.p,dcr_KS07_CD8_naive-1_alpha.p,dcr_KS07_CD8_EM_beta.p,dcr_KS07_CD8_EM_alpha.p,dcr_KS07_CD8_EMRA_beta.p,dcr_KS07_CD8_EMRA_alpha.p,dcr_KS07_CD8_CM_beta.p,dcr_KS07_CD8_CM_alpha.p,dcr_KS07_CD4_naive-4_beta.p,dcr_KS07_CD4_naive-4_alpha.p,dcr_KS07_CD4_naive-2_beta.p,dcr_KS07_CD4_naive-2_alpha.p,dcr_KS07_CD4_naive-1_beta.p,dcr_KS07_CD4_naive-1_alpha.p,dcr_KS07_CD4_EM_beta.p,dcr_KS07_CD4_EM_alpha.p,dcr_KS07_CD4_EMRA_beta.p,dcr_KS07_CD4_EMRA_alpha.p,dcr_KS07_CD4_CM_beta.p,dcr_KS07_CD4_CM_alpha.p,dcr_alpha_SK11_CD8_naive_alpha.p,dcr_alpha_SK11_CD8_EM_alpha.p,dcr_alpha_SK11_CD8_EMRA_alpha.p,dcr_alpha_SK11_CD8_CM_alpha.p
vDCRe_beta_SK11_CD8_naive_beta.p,7259719999.083911,0.027026973025945495,0.010254556344887995,0.06969408860425146,0.5851503257801527,9.720858255745268,0.13912571040866673,0.00467759605735024,8.579692457846631,0.020161332867322575,0.00018531633109754498,0.4030964479440939,0.0014159166212676436,8.095040233463362,0.014519229555165396,0.8447912056943675,3.6764905736044564e-10,3.55974056460214e-11,3.3962160082495525e-08,2.3927388902969242e-06,1.2903116543499817e-10,5.380218927066112e-08,6.647152584642672e-07,4.700754490205616e-10,1.4085907924589766e-11,1.1930961167065622e-11,1.732424703981195e-08,0.00012974036130923005,0.7542549693988956,1.287793699419725e-09,0.007716097136759489,1.1399000481545712e-11,35.95250414970075,6.849196059266211e-05,13.498399818194814,0.0001498674842399825,0.0004418062482536598,2.1887087520289574e-11,1.7870481266708986,3.2673763141735293e-09,0.0018705664022107662,1.014161284132527e-11,8.377713113760696e-06,1.6015710983047e-11,0.0015806413625603607,4.187655444935956e-06,3.1193800344365133e-06,7.057860928616129e-08,0.06074534959771977,9.647712689724426e-12,9.557290174699492e-06,1.8417915982818323e-11,2.958888679750346e-11,7.777437145844895e-08,8.336464612648658e-12,4.390622206534198e-06
vDCRe_beta_SK11_CD8_EM_beta.p,0.018228719042784395,1405586767.2428007,76.05137567357914,0.3609980157264569,2.2584497115872676e-05,0.0025795749814671713,22.74207964426778,0.06983666368000957,2.2818145523376585,0.0029441592828231694,0.04184528289397629,0.2664317387887506,0.5458466455883555,0.0007472632374840621,0.09926300325596982,18.97142226603439,7.380095124655399e-12,4.606514049361538e-12,3.1084711634462153e-12,4.651509195617728e-12,5.489246094481268e-12,3.310722939716771e-12,4.122211749320148e-12,5.376883135178962e-12,3.961973200599878e-12,3.6371216846603983e-12,5.219042842482797e-10,4.718714961479874e-12,0.0018677474680087133,5.84363360625684e-12,0.026939193597674004,5.478175835481533e-12,0.5502717629560783,3.72252160195858e-12,3.4524205180015017,5.588253529286021e-12,0.0004487025304604364,3.660273026176458e-12,0.0009201425330119231,4.353480550498834e-12,9.487439112221136,4.501338789397375e-12,37.308339647811096,6.6222055871832304e-12,7.7018920125032455,6.449583228555904e-12,2.0183867037349797e-05,6.632027032907024e-12,0.12801208126226657,3.541583622296693e-12,0.477747869579852,4.6368375662353845e-12,4.832019236555801e-12,3.503948160124904e-12,3.1142610920792827e-12,3.968272818248765e-12
vDCRe_beta_SK11_CD8_EMRA_beta.p,0.008388300552296788,105.05412799351085,2714391137.941929,2.4481009266837805,2.065836555858647,0.19826777914766297,18.467143153570095,0.03424178651458529,0.8870490652451362,4.196534736326565e-06,0.6261475295761811,2.628114466884768e-06,0.004435976828978293,0.0030597779883802666,0.023481514639446553,4.391467639798769,5.422880942426176e-12,4.761036026682804e-12,6.098358229447571e-12,8.539626313535636e-12,5.704991640915781e-12,9.241056974061797e-12,7.86869934784782e-12,9.99660841082754e-12,6.199163874204635e-12,6.966993567972026e-12,9.07602845029565e-12,1.9175342705750715e-10,0.1550670975623389,7.963036421024599e-12,19.833124010153877,1.7592115276491215e-10,0.0016435360959445517,8.143579307782615e-12,21.742023928707322,1.19330395085353e-11,15.812556852214382,7.269256830324894e-12,0.660064878863116,6.044409837073454e-12,0.1632381999652263,7.465753023094051e-12,1.7897757200677629,1.230003582743393e-11,0.057461341509625743,9.31204929878418e-12,0.0038200709029897625,2.4596523561940238e-11,6.023843718708875e-05,5.6391605190531226e-12,0.20803861447758096,6.542598433942342e-12,8.425377039234844e-12,5.638318927795732e-12,1.5366595424910604e-10,4.9232846983885975e-12
vDCRe_beta_SK11_CD8_CM_beta.p,0.06541946383809605,0.5706790323723587,3.256948879659392,5583272503.261288,0.20090954047469484,23.28556539834662,3.513011000777787,6.5584498427349285,0.0943205337577434,0.012438157564827563,2.442069632312998e-06,0.0023219882751919453,0.02270664763757852,7.892860575991611,5.648719886753719,26.37855401179421,1.5379238450018254e-11,1.0380441079504287e-11,2.4807674626736705e-11,9.793340442140749e-12,1.3836801923520924e-11,1.863632615822229e-11,3.940184298139496e-11,9.9928109946117e-11,1.1977376295357263e-11,1.2399761235786803e-11,1.0726858136555057e-11,1.2869351337101781e-11,0.25419119403937485,1.1420172881260859e-11,0.007113158149299011,1.5018167348763514e-11,11.613600918687082,1.4337664039256056e-08,0.9173825530256106,1.1711693446267499e-11,11.51923045907434,2.3894173679625507e-11,2.2471739148640975,2.49133622687185e-11,0.7881671584762862,7.703371156821964e-08,0.0009093590056228316,2.6078003845080497e-11,1.2984997041892965,1.7338089600764623e-11,9.668342660528123e-05,2.054290564026474e-10,19.600731537342753,1.4650941080345235e-11,0.15635391946300073,5.083803923406522e-11,9.766972455974255e-09,8.315381539040786e-12,2.3320255484264532e-11,2.4672946558201987e-10
vDCRe_beta_SK11_CD4_naive_beta.p,0.4680102264928188,2.222891286317051e-05,2.355910362193798,0.17770424553276498,3728246689.338071,21.000581939638092,2.103720513793584e-06,0.07045712776202001,0.020382733585319567,21.051887332511246,0.03200196710122603,0.0028057787226575897,20.73308508681854,11.09593314478654,0.094154056823538,0.0439380548891562,8.253995988022572e-12,6.554078663386247e-12,6.248099457874101e-12,1.495494770998156e-11,1.0283980958808585e-11,7.881199544570334e-12,1.2615894771430133e-11,7.882449845044305e-12,1.09513749146266e-11,1.2037873091908012e-11,8.203364698123186e-12,8.913072354796214e-12,0.07267068926653927,9.900106941346839e-12,0.0024747929010727277,9.131778118873105e-12,0.002744388359222362,7.252910322441066e-12,0.07742077492150518,9.967714063529e-12,0.00012055266195535431,8.977185252467631e-12,1.1030214485474097,7.707530110154863e-12,0.0004770548157645307,6.907303946684302e-12,1.1483735160992075,1.0808151745062084e-11,0.17456155996478434,1.1244462640319e-11,0.6066383554546095,1.3430034081614666e-11,0.04224143478938435,5.757685096823522e-12,0.5039204761817676,9.841946729737066e-12,7.686135887297277e-12,8.450458616404422e-12,1.028971794748712e-11,8.832624239944831e-12
vDCRe_beta_SK11_CD4_EM_beta.p,4.813857438667367,0.002555522627385467,0.15913937266457398,11.905078964170029,12.891785561387932,1304866560.8339527,0.05096516036840798,0.030381837674202442,0.00020616936242104003,0.06705270756533638,4.124139855177886e-05,0.21476388460203422,6.308320365284477e-07,0.01984883455356777,0.5968735897097066,0.15224084295133763,4.337353780097263e-12,6.475635392270357e-11,4.995304501040383e-12,4.097373108874259e-12,4.85311636540827e-12,3.391109430148501e-12,6.710713899329301e-12,4.443578947438403e-12,5.569429765561058e-12,6.455722894210895e-12,4.347829501000408e-12,4.877427676367392e-12,0.0036429505382510764,6.249353017998689e-12,0.17092739030720577,5.104101168518692e-12,0.7240748812127434,3.19401269672371e-12,0.709234608562589,6.417626852752715e-12,0.1977219364850017,8.500708634547032e-12,0.0010940203740101566,4.376389227488315e-12,0.0019601904615165096,5.194027966029537e-12,0.0004943458669698571,5.3480403715036385e-12,0.001098497359665152,6.417364877614205e-12,2.596814150604887,2.1351305686892265e-05,0.11455439129718624,4.941743272606534e-12,0.28593711995599075,7.598629946216233e-12,4.33138825456396e-12,3.2798629806121606e-12,3.5244934544863526e-12,4.871771296769233e-12
vDCRe_beta_SK11_CD4_EMRA.p,0.10468560924465369,31.299326114269846,18.557898352841256,2.651821497105465,2.1828267120488556e-06,0.062373954750026314,2695124229.568231,5.557396719957916,0.0006606174885734215,0.23607034218467582,14.554164070490799,0.0002121690652395499,0.02026345576595885,1.4438955438609968,11.290447288223453,5.643271698792545e-07,6.860633970137923e-12,6.4279833347795865e-12,5.9665319955145295e-12,5.446268572078625e-12,7.963251010736937e-12,6.623569853880679e-12,1.7198134423051684e-11,1.0244760510282197e-11,6.702900639890905e-12,7.001074432036361e-12,3.945770983873223e-11,6.945061889619889e-10,0.006816871863551432,7.021352264729588e-12,15.207107461902343,9.390034319569681e-07,0.000553754651711601,6.027613797481466e-12,0.00015063536176895272,7.996699878223058e-12,0.002360985415678957,7.977528450293387e-12,0.00012918316389239426,9.704001477180818e-12,0.14448352799785938,6.2681749671507826e-12,31.2943424531537,8.784443679713632e-12,1.615114446655122e-06,8.153195085519045e-12,0.0020448509596461247,2.162948873070719e-11,0.012555628806719326,9.374528098689409e-12,1.094345854868747,6.3788072858470734e-12,6.005279579683947e-12,4.198429395580028e-12,5.215786660301709e-10,5.885062998652926e-12
vDCRe_beta_SK11_CD4_CM_beta.p,0.003587358872738426,0.07353966514665215,0.030343252422821695,3.967053232891502,0.05632175158659921,0.032311380415191195,4.6026546348741535,1663110770.9791334,0.00013294039042600694,0.06469642709342022,0.23880657327434804,0.010111928808628838,0.03036425917407783,0.06478547532525465,0.5489247219384503,0.13177987191072865,6.806052111935e-12,4.0349290292976e-12,1.498979400626661e-11,6.606749424724488e-12,2.8550062370949473e-10,4.1821641265361385e-09,3.8667762057568317e-10,5.251399255006008e-08,7.58492257108095e-12,1.2935016322126693e-10,1.6853135002649816e-09,2.190142406200357e-11,0.07784577330637654,6.601711160730873e-12,0.02796634331315031,4.2659420834058156e-08,0.0105367237862301,0.002960425886789349,2.9572073740673602e-05,4.8340604379622856e-11,3.853962236910711e-05,8.102333856418504e-12,0.001095277430287804,2.6364512537028356e-11,4.511743468166362,1.3021033398667206e-10,2.1185148625779803e-05,1.5391716703931934e-08,0.06179061057130601,1.43310698605203e-08,0.0001095905802911505,1.700315303653368e-09,1.0022536826019633e-06,9.110309725158845e-12,1.0963073959362328,2.734072639232663e-09,1.1683595450970947e-05,2.448999191888421e-12,4.256318548545788e-10,1.8194588817797744e-11
vDCRe_beta_EG10_CD8_naive_beta.p,5.533672767228471,2.9296082526230895,0.8768863469811338,0.07631843505837832,0.018827472046145734,0.0002148648646452615,0.0006577157005030919,0.00013739925503256778,2581508504.226065,0.0035500166040262084,0.16315545831179767,1.0689072458766449,0.38179852356385524,0.04174574143759861,0.334584590287391,0.007310846919142351,8.085176616430997e-12,5.5057612765697486e-12,5.539608726321573e-12,6.619890199660765e-12,9.417745846498482e-12,5.652710193806636e-12,8.216475332335199e-12,1.0155367387302412e-11,5.8634643062444925e-12,7.376600216514406e-11,3.2980103187977345e-12,6.8935478346475806e-12,17.442600712514714,4.8702672867595995e-12,0.004012213829719367,1.0098451569519043e-11,0.0009738243451096483,7.565937468016333e-12,0.00012625706018665582,8.547656830073411e-12,0.48617757783399596,8.559320380131207e-12,2.0112800793196583e-06,5.9685778348053024e-12,0.10489795781743089,6.9807267051879354e-12,0.5961122616915585,9.376506477401008e-12,7.677199830664223e-05,1.1069038856292573e-11,4.035076923889175,1.0457442364010663e-10,1.5286788571749739,8.572393778499314e-12,8.088095793045863,8.350586883382103e-12,8.125436403981376e-12,3.809228565046687e-12,4.8825212083275414e-12,4.115105379687721e-12
vDCRe_beta_EG10_CD8_EM_beta.p,0.016904088433024978,0.003440920863477843,4.125960324519904e-06,0.011243855490088037,19.95174680325558,0.08667116747955353,0.2522420854094265,0.07864941105954047,0.003710923796119715,3319412281.4196796,0.01816019124966671,3.827106621388334e-07,0.00622441209405501,57.61419123518106,0.0011759437886722816,0.02499392221939708,7.716888840895229e-12,1.0276725624580254e-11,7.132653879671732e-12,8.912612306570113e-08,6.792794500718529e-12,5.3582995937836905e-12,8.807253829114482e-12,6.903426216035554e-12,7.996554619658273e-12,8.993177596322833e-12,5.197753416782196e-12,1.2161971729035939e-11,3.959788982934346,9.634331717752997e-12,7.719190540451857e-06,7.453504347517178e-12,0.0018568903204311557,6.2415994943206515e-12,0.017057151443370687,1.0437778258006667e-11,0.5595130542366038,7.9236455054556e-12,2.7120648024007587e-06,7.468659536507348e-12,0.02264075415933739,9.955073717482976e-12,0.005686410351988536,1.4527009760137389e-11,0.3659507043072898,8.7512272328107e-12,3.9966715221069455e-07,8.615236215532639e-12,0.00043227655002921596,1.116535784628855e-11,0.06474356614957276,6.5043177236396964e-12,7.303436995894225e-12,4.019410890420196e-12,6.574682139418845e-12,7.546740744030108e-12
vDCRe_beta_EG10_CD8_EMRA_beta.p,0.00017158266013080742,0.0468854067348604,0.5858814702624856,2.7017258950292814e-06,0.02841594307403533,4.192363325707817e-05,13.287803851697667,0.26202284704038037,0.15546497292345343,0.016602726833108112,2208125217.9528594,0.01858666302599137,2.9271316865631754,0.05782574974615293,0.08301419236305768,1.2645770465891653,3.955160251699609e-12,6.554434725511516e-12,4.77501436242106e-12,5.8455906067701416e-12,5.638072494385192e-12,4.7224690739435745e-12,6.101394132238439e-12,6.35256482319821e-05,6.732505173605037e-12,5.378833041046101e-12,3.6990928473586736e-11,4.030581353896978e-08,4.675386456103993,4.965538276841714e-12,0.5618440088246487,1.0705750689732607e-11,1.7026828176858268e-05,4.889847627975399e-12,0.004545106079966587,1.0176048993644327e-11,0.0004706299587463364,6.421832583086417e-12,0.004454150620202632,5.9234192256094126e-12,5.545514193835233e-06,1.3886070168048344e-11,1.23584829287204,5.287339375179665e-07,0.19639290026049938,9.90156954260967e-12,0.005377565641895236,9.1608997874093e-12,2.1074085431822027,4.879956004948086e-12,0.000253503225344866,5.118927791366744e-12,6.24920869941796e-12,2.1422174076299013e-12,4.838831063187645e-12,3.5171303506098403e-12
vDCRe_beta_EG10_CD8_CM_beta.p,0.29962982538014693,0.3310561863140449,2.614526493801488e-06,0.002114246778832966,0.0026818687296303596,0.27402179837260543,0.0002127698829834707,0.011333542586583097,1.0998285658122207,3.927217475107186e-07,0.019496881207652382,2788452665.8624835,2.4776019346735594,1.6449542613695263,0.6237064262320137,2.809955938415557,5.509756755226039e-12,8.308537072963191e-11,3.0955113624258373e-12,5.5906568887279344e-12,4.951763209578523e-12,4.1251849187149125e-12,7.037155258645717e-12,9.495798618960753e-12,7.12249429140144e-12,6.352570261112448e-12,4.456221833564986e-12,6.90830168340529e-12,0.02758379674506947,6.28081659311181e-12,1.2864550053356103,9.128459015862178e-12,0.4607119528748081,7.376890177986838e-12,1.4035425463908016,8.68332142330691e-12,0.18054495621045985,6.608082236415165e-12,0.003465698455765918,5.835670530332985e-12,0.030630281812827453,1.600336105754676e-11,0.11045098670976189,7.779676694271977e-12,0.4738590063616671,8.352449749745541e-12,3.520384543351983e-05,1.1843578861661309e-11,0.3470198592100305,5.644336979817958e-12,1.8283021135999686e-05,8.388225195948409e-12,4.3358864109234725e-12,3.89494102107778e-12,7.697105858763319e-12,8.621139630129017e-12
vDCRe_beta_EG10_CD4_naive_beta.p,0.0012460627766152552,0.6868641706206641,0.004432802082936224,0.019571438577772965,17.710534547650415,5.789643983339639e-07,0.020196612016438027,0.034231303587188525,0.38537919502967294,0.005964247508589649,3.152998180037969,2.4300262574891214,2654260010.502641,0.00023140141597725059,0.5207487359448177,0.002523541378719288,4.581349564949504e-12,7.438684630648453e-12,6.681837992379125e-12,6.737670125570776e-12,7.894018607239415e-12,3.000798793114647e-12,1.016633600956105e-11,8.246538484697946e-12,9.561303709583466e-12,3.866417482937791e-12,5.3861617442954074e-12,1.1325214860351172e-11,0.005925875084773807,1.0241251044289433e-11,0.0007854334987265079,9.443876708656956e-12,0.010228394499899953,7.569916766773088e-12,0.06977918714452207,9.270700900735743e-12,0.00027433843950531013,7.439038097700418e-12,0.09114780881829843,5.328455367339844e-12,8.42408744765733e-06,6.683221963130444e-12,0.001618131456588957,1.099433302053064e-11,0.0020799746044811176,7.388768045969754e-12,0.00020613077018281082,7.78227805342958e-10,2.539276852244102,8.456996397617494e-12,0.000343419118507096,8.329187705051758e-12,8.638037822434922e-12,3.894906973358932e-12,1.4393639958590575e-10,8.377848530626446e-12
vDCRe_beta_EG10_CD4_EM_beta.p,5.3984936355132565,0.0008025511915411547,0.003080260163461099,5.869071640213153,9.810500226092389,0.023773380845939048,1.46194807045625,0.0749567467230501,0.042580779637531686,52.76882519666542,0.06160510191342872,1.6441089532475548,0.00023239454619100242,2784546524.7064624,0.07695155314101455,0.004935330864216193,6.889918522170634e-12,6.885919775751987e-12,7.568075668993476e-12,7.54147320557142e-12,5.731260297705656e-12,3.9736656780949996e-12,7.767873924607626e-12,1.0039361322499374e-11,6.597642178250463e-12,6.585890892404571e-12,6.564665951654234e-12,8.925464567147507e-12,0.02165148594855203,1.0080592906510327e-11,1.8801080899985678,1.947264325446101e-10,9.491346614027101,5.0813815338782745e-12,0.031111773749094823,1.0288366113077226e-11,1.620781366733747e-06,6.239786293399633e-12,9.314903600122873e-08,7.276339745109335e-12,7.794429260128355e-06,8.657738309066024e-12,0.031663721636613774,9.694376718836587e-12,0.05468998947920367,1.3614475099847852e-11,1.1197508723650311,7.980660723778164e-12,0.15625845132586166,7.095731063971652e-12,0.10838458721458155,8.742863852383056e-12,1.0265178879539664e-11,3.7076070977875715e-12,5.702875806762814e-12,6.8903418156966715e-12
vDCRe_beta_EG10_CD4_EMRA_beta.p,0.01453991047626622,0.16162758270673094,0.02899355519659944,6.312800270449807,0.11380440104939982,1.0640342641599245,17.463323534263544,0.892803834146045,0.4712968351279958,0.0013071773359355568,0.11469307080403189,0.8711255079723059,0.7376525450022356,0.10061454563242817,7314680774.784545,0.0026075304977343974,1.1536211960621452e-11,1.2741575046991031e-11,1.2378774124227689e-11,1.2183848133587556e-11,1.307857944392777e-11,8.799973845964968e-12,1.1651601194995937e-11,1.3485975435569997e-11,1.5440040697168876e-11,1.203355913995842e-11,1.2980157230379562e-11,1.6962375724559174e-11,10.306782926437853,1.6967353010276625e-11,0.0007357428090057673,1.2640595405017265e-11,21.36613618121675,9.72479976976063e-12,0.28648644670492457,1.6243499533181986e-11,0.09482532368004529,1.3002091444723576e-11,0.002806325160066712,1.4255064424049656e-11,0.2990698537092939,1.2818176634858084e-11,0.07550893670196515,1.0431465018481152e-11,1.7358236224108724e-05,1.720500357588322e-11,9.88876994797766e-06,1.509987712939742e-11,15.816964865979465,2.177777938557396e-11,0.008151170959263383,1.322994189168359e-11,8.671439148362466e-12,7.763152494749337e-12,1.2097223986350765e-11,1.0125297170322996e-11
vDCRe_beta_EG10_CD4_CM_beta.p,0.5724463088130841,24.20763224775204,4.185413197732216,17.717972355358015,0.0395343257839642,0.1839515508340963,5.743236481444432e-07,0.14581792891891732,0.007199602284458945,0.023076540685531173,1.3001039828937127,2.6344035879746253,0.0024773556675711404,0.004793703412666742,0.002221538840772686,2375338984.2202115,8.770155489285777e-12,9.557046216397355e-12,8.856572781073173e-12,1.4124645721185783e-11,6.751375926292791e-12,4.531753787939766e-12,9.07088844839879e-12,8.745297895328853e-12,9.072476952524928e-12,7.70835005822585e-12,5.256302893399809e-12,8.566333639836465e-12,2.537015711444121,6.709248293521689e-12,0.004870597973787317,8.400525259759905e-12,1.4688294179452902e-06,1.0013285365234164e-11,0.006493532283146031,1.158566066095616e-11,5.7352523495894805e-08,7.61829461867554e-12,0.21473020877714283,7.841955074102616e-12,33.83567475856175,5.210399361736274e-12,3.3947043102842423e-06,9.211635358889437e-12,0.16089734053623722,1.2760498921866581e-11,6.0898580587262185e-05,7.542221907018979e-12,5.0757681158128465,5.102484977293069e-12,0.07635828790375737,8.513655172105898e-12,8.001840332704139e-12,3.758500044339965e-12,7.345241007269779e-12,4.910618058575142e-12
vDCRe_alpha_SK11_CD4_naive_alpha.p,7.200544744830298e-10,5.0599168368778236e-12,2.870764362482851e-12,1.3516660410346744e-11,7.255280568646201e-12,6.79028941396154e-12,6.368231196341761e-12,4.849997479412204e-12,3.9630738380281784e-12,3.552704379465824e-12,6.1025617790405455e-12,6.189862642999837e-12,7.339681522450558e-12,5.477224589138622e-12,1.4333786983573296e-11,7.063230235551227e-12,1000929389.4944164,5.93945361908946,29.24032172076024,9.416305093738456,3.2113231025220172,18.218482070759535,14.052651582361802,0.030155182488966644,0.1125609107994423,0.5058983794140893,11.599837876319235,0.024529081175423278,6.8218541101688394e-12,10.679528702805476,6.846800583302918e-12,2.882891279937866,4.1225798023573937e-10,35.241139435089444,6.3351873567585695e-12,44.00809371160425,4.711314709719756e-12,34.60191509712934,6.182554724809128e-12,14.97050237474918,8.53513648421128e-12,32.61842889011814,7.06552525083632e-12,18.57599162732973,7.330299929270354e-12,9.299003251283489,8.047819001013338e-12,4.915528958864321,6.182840162663769e-12,0.8535455848779508,6.305426482097936e-12,2.583395107605453,0.26922577480290444,25.312556933448054,5.683707908239748,13.189409743245552
vDCRe_alpha_SK11_CD4_EM_alpha.p,8.18386114707326e-11,4.103765304836106e-12,3.4858047074565023e-12,5.780751771598054e-12,3.1971681050876922e-12,9.299424977744409e-11,4.61920589441673e-12,4.039774648320385e-12,2.626725487598193e-12,2.6706366698350472e-12,4.986077787929053e-12,1.547285414240392e-10,3.997688957146523e-12,4.637136040551752e-12,2.6600572109089164e-12,3.3704933880857243e-12,4.4120966605788645,492440826.54607934,10.466214290580453,11.596680954602851,4.79233424397596,27.775282528152253,4.885701301201203,11.515988127873648,0.002309723733001138,25.01934569476833,12.308709650728565,4.459390405676456,4.844406230141378e-12,1.1595929751084606,6.121755831553579e-12,1.335815354109762,2.269580790543994e-10,9.219331959600822,4.322523818286429e-12,0.0024273327303197863,2.0372684206273053e-12,13.528572943534373,3.735595604656705e-12,13.060200207594642,4.389769896055223e-12,24.892610238194198,3.5234886517822644e-12,32.37561303028166,4.376858139471159e-12,0.06653900675833967,3.4918075946393733e-12,3.5729261936974424,3.4100209577022e-12,5.064148532968259,3.79639468887876e-12,0.12737085706809012,20.065476406858007,11.405931575103303,49.35044865655985,3.1611698405223922
vDCRe_alpha_SK11_CD4_EMRA.p,5.0633884448383486e-08,4.836717827107137e-12,3.8308422301421274e-12,3.853048953472423e-11,5.544283691778568e-12,7.672866516056816e-12,5.625097809490437e-12,1.5927870218685963e-11,5.511387374208589e-12,4.2815099400438235e-12,6.4190978373395055e-12,1.0506169665189823e-11,1.0472978316922462e-11,6.5329040894925695e-12,3.694949415069743e-12,9.105137554611801e-12,28.810110374446584,14.181621236025142,988402860.7754086,13.716033168101822,22.898520211656436,26.301453640407022,4.968540061747373,7.269227518887091,0.7301579348022544,6.421486534140327,23.330350922149947,26.748559524471553,7.0839810886334015e-12,22.859230345844527,5.17608267780515e-12,41.51570223518334,5.818823736137723e-12,11.542692158430162,2.8095526784305228e-11,79.9733545897122,3.329149586171112e-12,69.21881480638086,4.752054719486871e-12,0.024864140628094594,7.357195733782059e-12,50.95031985428585,7.560221887770028e-12,10.196807382735257,6.641402868143456e-12,12.86253799107591,5.225829750814792e-12,11.65088212196704,2.228916436043808e-08,57.49989976225307,3.274272631367352e-12,1.297116617029093,6.260986791948865,2.0308367409180312,46.080741167014914,61.44141038715312
vDCRe_alpha_SK11_CD4_CM_alpha.p,2.733052737233596e-06,6.356763449486537e-12,7.268103545952961e-12,6.509954998556532e-12,9.294483504659362e-12,8.957277712750249e-12,9.198876141489045e-12,5.690835765634964e-12,5.840226769759741e-12,1.0418752641304943e-07,6.631209359253725e-12,6.1172068730012285e-12,8.215082636438272e-12,7.922103174203023e-12,5.8528011336861575e-12,1.701586955205841e-11,10.590532496932843,18.163517019276465,15.780069376342835,1293740162.6417794,12.702820332144618,0.1582946875656255,3.027753339452772,15.929379202113166,2.819531510710819,23.339046375280347,4.470103183263301,9.536518739462112,7.689374848156643e-12,2.8785103553535736,6.506178968831374e-12,10.99698553135331,7.84289135493957e-12,17.46895504693318,8.968192388549251e-12,11.76338592916654,3.115061203955232e-12,10.24364193219234,4.8933291866461695e-12,5.487010437487845,8.711289489357723e-12,6.185595331015325,5.285303930548884e-12,0.0008031362348662513,8.030520491625333e-12,7.674616660974636,5.879853135163631e-12,4.254236787423552,7.008039390376829e-12,27.799159643129588,6.0862715401540875e-12,34.2690770490376,7.72965593494022,0.6126956989668519,1.4296274365338144,0.008624623688544315
vDCRe_alpha_EG10_CD8_naive_alpha.p,2.374679853587766e-10,4.9446335880742865e-12,2.6126158244750903e-12,1.0133865122427078e-11,5.026977551736624e-12,4.015528136827142e-12,6.0482755111204005e-12,3.2562603738445985e-10,3.585438321935344e-12,5.262796314639293e-12,3.687609757409532e-12,6.533817236044161e-12,7.413905212118187e-12,7.220199514307157e-12,2.0920832155829724e-12,7.350941424405492e-12,3.4104356264928906,6.977551165692236,24.76763783969368,12.06799213143417,1163016030.7160614,2.359234574590663,22.844134205155786,16.556390593716138,8.232130259846146,18.66821353848301,4.765820530863186,3.420038865981306,6.325103957259004e-12,17.316111424668335,3.858140524066729e-09,21.315284021979483,6.000958910947504e-12,0.0031443137615392437,3.793857772940455e-12,16.6971264312328,3.680852178930752e-12,1.4900390023169512,4.821147122276813e-12,6.294335395456781,7.524258330708991e-12,10.249734036570349,5.421797681251848e-12,24.59855727161559,9.001678579489226e-12,7.656683143969283,5.6649252860757984e-12,2.3698263186043764,6.8444781447429215e-12,6.396604015197207,5.929935746384925e-12,24.232894757216453,5.791115680242005,20.1285290173154,24.353645977603364,13.446525927509505
vDCRe_alpha_EG10_CD8_EM_alpha.p,6.708874126321817e-08,7.812171106395676e-12,1.2879872105133325e-11,1.7045793654603792e-11,6.468690594010585e-12,7.533256245315246e-12,1.3226324653509453e-11,3.827935067324214e-09,6.183980586462149e-12,8.404843682285905e-12,8.000923991294357e-12,1.0880116886295231e-11,9.976650156026291e-12,1.2153433103467918e-11,6.92959731693667e-12,9.834524929724494e-12,26.65129117950393,58.98276566804804,38.95678945422804,0.18896536838473224,3.102623311251296,2402841275.0688033,13.076366191657051,140.11390883147172,20.24756417292182,14.572110712812048,8.851695396794899,67.37237930210286,1.3741128706472544e-11,0.011855164335695546,9.018922562947546e-12,98.02955574845518,1.0684183249905046e-11,14.213633196781734,5.68325450822639e-12,132.817436414988,4.321535402816524e-12,100.89938262425866,8.15993673944151e-12,70.34275014647778,1.3185798276949528e-11,19.169903030102706,1.547145655564905e-11,27.840679010614064,1.3834383037747664e-11,7.777424030988019,1.0372913437715646e-11,8.702270944714178,0.00017315976235190482,23.292248424954565,1.0188953028305161e-09,10.217343375719425,23.44731822034661,84.26684952063734,32.32530342582915,21.594916022315783
vDCRe_alpha_EG10_CD8_EMRA_alpha.p,7.750267973700306e-07,9.374786142372135e-12,5.7591035720078446e-12,5.6015556319380216e-11,5.826929507779422e-12,1.1609394695262834e-11,1.819940937607678e-11,3.6333728308556204e-10,6.713194982253877e-12,3.922564684287652e-12,6.843476019794422e-12,8.532156007405608e-12,8.178191732086696e-12,9.046495084580978e-12,4.6162193883624e-12,8.399095634623386e-12,19.266952213225785,8.950300904822024,6.761881213635731,3.6062697638795345,29.550716631442018,12.351386537485356,2044666711.3666968,43.77571421624866,2.7879109033163885,16.33051938481922,0.1624230160044419,17.798665013797958,2.7831994551925373e-10,15.544740281716454,1.0707339141328385e-09,16.124175583816534,1.426301626215652e-11,0.9817347797546723,7.2494076372492255e-12,28.111603198842534,3.7168099365934134e-12,48.62308853233652,1.0582528981858512e-11,0.054549641141107406,4.0416396879293595e-06,19.704428628252227,7.667187605792855e-12,9.403188848593508,1.1432417942968486e-11,19.217275015978167,1.0910459402823115e-11,7.3606501107747935,0.0038157054988395256,2.089782525907481,7.150170639124044e-12,10.835641862908693,0.3407292609502049,46.407849965635826,15.176634189648555,30.836379477792725
vDCRe_alpha_EG10_CD8_CM_alpha.p,7.001860397290303e-10,7.654891575557786e-12,7.518520304895073e-12,1.394290606646103e-10,7.326233497020275e-12,1.3336857026388846e-11,8.565001539334496e-12,4.934338961911274e-08,7.269687572154763e-12,9.445316504636455e-12,6.364069665582879e-05,1.3772609625197253e-11,9.701649552093478e-12,1.0453792142937605e-11,4.249195509000889e-12,7.64435926795713e-12,0.03601113902309389,22.580119101814326,10.533039925784188,20.598890775932336,22.233687700716583,139.31671161237182,46.26868239058527,2323707809.9998717,0.6259469428053425,48.89514873124975,53.1486295569545,18.080454000429818,8.500064336905495e-12,3.8988376563799942,7.035386480507305e-12,62.55411344647321,4.147303061857152e-11,15.833199746714058,8.349362233653506e-10,66.99041346797884,5.085052277387136e-12,20.458497681197112,9.163443100596918e-12,10.924921658274489,1.0356603222480975e-11,7.210416121208506,8.25407992672244e-11,11.77097116254035,1.414366026573411e-11,33.669895304138535,3.170802567599897e-11,9.943215114512414,7.227808705756142e-07,23.795116337133372,1.5415903930750616e-09,16.058376897137357,8.42627286859481,0.00264388648813525,36.803257255834225,56.62395320893387
vDCRe_alpha_EG10_CD4_naive_alpha.p,3.7605184593311754e-12,4.684939514782612e-12,4.398612731936964e-12,8.694355557868308e-12,3.979738655115145e-12,5.688124341118563e-12,5.118773998429516e-12,4.273171476225516e-12,6.515241488252101e-12,3.596713816449406e-12,3.680276087869276e-12,5.468893185378115e-12,4.599898100475317e-12,5.005131506878788e-12,2.3866582113310024e-12,7.889585108543363e-12,0.1099405785159321,0.0025723837274660615,0.7173495807819144,2.445742618660651,7.470352090837091,13.516834312343201,2.0253670340053875,0.4533131833222066,916325324.6831431,0.11422836907180478,15.912448781640956,6.240253750270024,5.6055506595793356e-12,25.47396166747259,5.511403625053274e-12,11.55562095980426,5.719926682887366e-12,0.001102118335048933,5.358840279485983e-12,0.677965289545068,3.575983200992229e-12,5.424609819075937,4.9189640907002336e-12,6.557440281463479,8.958753314149414e-12,0.004755935601239506,6.238477718481234e-09,31.259931732401043,6.371698763688864e-12,1.154684603512368,5.988956355305479e-12,5.805502091813294,3.521163869634207e-12,11.111678064469249,5.0521048799779065e-12,19.603183566988978,5.863920592429065,0.07491331219592785,1.1787027993382924,15.999630668113362
vDCRe_alpha_EG10_CD4_EM_alpha.p,6.9217375138892964e-12,1.0948770872016743e-11,4.942341758006466e-12,1.2005453802361955e-11,7.120772092327418e-12,1.0956613525064137e-11,5.273046952386778e-12,1.2182009340043668e-10,8.226505834776497e-11,5.697108932285472e-12,8.282272133871882e-12,1.1336829080632895e-11,7.919638286976498e-12,9.554825967018717e-12,6.5504303636236435e-12,8.886823759221545e-12,0.6221659863334107,47.63330691311563,8.605493093482098,28.23183843401272,24.055311624445814,13.490532437618729,16.059959773961697,45.37043899945424,0.14381599113059834,1976147864.318513,23.936130969180972,13.766229078003684,1.1224511457700293e-11,8.556193510565143,1.9561380172012544e-11,38.83213976700236,7.213570698347132e-12,3.6044570326368164,7.110400002928647e-12,28.08836417377834,5.5437446018130145e-12,0.8301548422679594,7.385603248443592e-12,14.18476000641645,1.2360737569726801e-11,31.269162171594495,4.845017352773432e-11,11.02692177141662,1.376633332651447e-11,8.126403130722052,8.315768251314623e-12,21.87509438077227,1.2139791235437778e-11,1.9659198021283553,6.618744884817183e-12,1.3208495399773725,52.39350486699962,48.14677918534525,5.130689555229305,43.71120609687674
vDCRe_alpha_EG10_CD4_EMRA_alpha.p,2.3438721733293674e-08,4.748431434922726e-10,4.8876293091933534e-12,1.5052428240250265e-11,9.613473318349384e-12,9.13088163132544e-12,4.9338605285529174e-11,1.612277906339091e-09,6.0095521318541094e-12,5.717560674951534e-12,4.383438298595081e-11,9.784392907096047e-12,6.98480125265792e-12,1.0071317713180495e-11,6.599534509409975e-12,1.0133869011455833e-11,15.440404176225147,22.698094446013794,31.94620258845911,5.298555721750814,5.812457346036041,8.21340329321065,0.16024686356601003,49.16653378164505,22.573157582226614,23.826104450249545,1942155233.8086698,57.703973930623995,7.135941424518009e-10,1.68290267110174,7.119570079099797e-12,12.076650956813067,9.75316924630649e-12,0.003917830566608664,8.665799672929596e-12,35.7352395011939,5.241805991623683e-12,8.045969630533916,4.716906937987174e-12,16.430591337516532,8.314587810874773e-12,17.976944513832496,9.186368128047355e-12,38.73556352968543,1.0298072964641123e-11,54.94372910038328,1.5183210986874222e-11,3.3586955047623475,1.237906936742992e-11,12.805991990618345,9.654070706356493e-12,35.86065525806593,30.765013761390918,43.91676964156076,0.31462717131138107,27.79877997390979
vDCRe_alpha_EG10_CD4_CM_alpha.p,0.00011794972651875617,5.7763941679254346e-12,2.246290854900999e-10,7.035955101499555e-12,8.902012240299263e-12,8.490677372741508e-12,8.133855230270152e-10,2.3417047180477284e-11,8.550267003076754e-12,4.5109053704761266e-12,4.262490716382504e-08,9.683959114055096e-12,1.1993128224934797e-11,6.492723741447827e-12,5.256664279328904e-12,1.0563703746653743e-11,0.0272823380451116,7.633924279321143,34.17214058700776,10.6011022449703,3.949795237514783,57.34513866482153,16.25196508278378,15.627395431156263,7.990239228138786,12.780696018315027,53.32190265104261,1651172922.499065,7.774603420002028e-12,7.075942207268026,8.065695283795386e-12,1.5176641262809902,9.814663721413999e-12,3.3134711178885525,5.6513996446366576e-12,3.7135207426016996,4.279812438871103e-12,4.644240443359309,7.688112661950725e-12,3.765650980268955,9.684147805766842e-12,11.041390106565302,7.97129245594904e-12,7.304430692584641,9.71951705241348e-12,17.674969134036385,8.778965495304398e-12,10.35653052919306,1.0549096511845986e-11,8.01264801673681,4.164184771487862e-11,2.8946168933623526,13.072914928721936,0.0006142733880538243,35.422814917680654,21.737334351210663
dcr_KS07_CD8_naive-3_beta.p,0.5524626308462873,0.002090586490412543,0.15952831043437687,0.20804407051007456,0.06841020785918946,0.004234484748880313,0.006927262746820765,0.09172635216044542,18.528166719608176,3.7672670481745105,5.269150521401667,0.027915953122169802,0.006041567794548413,0.021928550627454576,7.059788825956985,2.7628031559763286,7.458496235618034e-12,5.071291742001998e-12,4.702266262558469e-12,1.0454573212656211e-11,9.292849335423127e-12,4.822020345025413e-12,2.4160348383944046e-10,1.277212428493815e-11,1.0051205114394451e-11,8.585119942115978e-12,6.199518190887869e-10,9.162643623659017e-12,2940036979.2412395,1.0664451571428417e-11,0.05301601608748814,4.700315824119937e-11,0.0013606760576510737,8.722489357662789e-12,0.005789960769579519,7.327422376541913e-12,0.00010174624911735222,8.147004390187867e-12,1.3653155406398159,8.651249762074137e-12,0.6337312652221163,1.0846354804604518e-11,1.6437893959024226,9.68513189006574e-12,0.028019419730952753,1.0775224261707989e-11,0.08622186909225871,1.033793734267459e-11,1.4346384522057271e-05,6.550630905940244e-12,0.07675585261475958,6.672128367858843e-12,1.3000934380917677e-11,6.025636131062529e-12,6.628392684394739e-12,9.536918993240384e-12
dcr_KS07_CD8_naive-3_alpha.p,1.7933117720169e-09,7.4246921974896e-12,5.5700020189951674e-12,1.255173537258378e-11,1.2822874433286361e-11,8.876408614112926e-12,9.30499189761292e-12,1.0854959119182483e-11,1.0176903158020354e-11,7.241883639635628e-12,8.164707676016266e-12,1.2116690974001719e-11,8.177853694309086e-12,1.0651041749805996e-11,5.591840599673779e-12,1.243293271228359e-11,15.962336000039395,2.136933534745047,35.28316776422758,3.7585314335011217,24.18015778086052,0.012000507531608931,16.98288436577154,4.019658162970746,40.66499844119765,9.405483081355788,1.840555017916649,8.408671444266796,1.1236267015136457e-11,2465751250.120023,9.337339630125668e-12,0.07366708866909087,8.855288446978341e-12,7.208428345335635,8.11795084926947e-12,13.365971210623025,4.412928334760434e-12,3.091483238011462,7.81604295969625e-12,13.625435110592315,1.1181264771321088e-11,13.922776542811665,1.1023525579539735e-11,52.97459161568246,8.673693703481284e-12,13.484267202648061,1.4053589956043006e-11,24.728382626042833,2.217822485201961e-09,28.546759930949648,8.630988064236977e-12,2.519655566947873,2.302276792584989,16.75074555646465,4.6273350611914585,0.14562557082072433
dcr_KS07_CD8_naive-2_beta.p,0.0061344943906720805,0.02902609050538392,17.09536905013719,0.00580283152593241,0.0022232222964087343,0.19389345268387495,13.060963731509382,0.0290727650113458,0.003847626501083095,7.90320009681703e-06,0.5372251864420188,1.1211586509261404,0.0007532958575005608,1.6315850225208925,0.000641365231497609,0.004684065688048807,7.782254474019613e-12,5.971983426599557e-12,4.632928424086552e-12,4.860856447287178e-12,3.357304323399086e-09,5.168311191187956e-12,1.0897007416118914e-09,7.582736895383033e-12,1.2279221991822956e-11,2.1005129261603222e-11,6.542180736519222e-12,8.097585417865287e-12,0.04760893301447311,8.00907793091499e-12,1935125208.1246002,7.808180748031835e-12,0.0038971404720638974,5.778323518908981e-12,0.024071597826306204,9.853071769524777e-12,0.005527056462091826,7.000565018491316e-12,1.2359036381315645,6.823046052699973e-12,0.22792737138291388,8.66411497390285e-12,0.037405907956850525,6.609690281683904e-12,0.09652324644807306,1.1567897923654953e-11,0.03479731116178504,6.718184543992224e-12,1.984693504518369e-08,4.63655189815171e-12,0.03591624388062941,1.3134542741601494e-11,6.354984307336703e-12,7.883659118779784e-11,4.53654777526172e-12,4.846043782478491e-09
dcr_KS07_CD8_naive-2_alpha.p,3.2928931322451125e-12,8.049813667087328e-12,2.582795305522226e-10,7.181845808626273e-12,4.7148404773283915e-12,5.285614176969132e-12,1.0287389409568838e-06,4.7668499742888874e-08,6.30976836081278e-12,5.656982861637026e-12,1.1257776438277144e-11,6.8130891764966645e-12,1.1760751421754268e-11,2.844433737201678e-10,3.671296486687414e-12,4.807452872666116e-12,2.782878713980076,1.70434994197174,40.31363732820893,9.408364785793616,19.164405907135517,61.37115924081042,11.300301541229002,39.92519651422786,11.491838348806905,26.667955355915254,8.669091268883045,1.2024392149790835,7.48101881191242e-11,0.055518436732355035,6.356199841673224e-12,904946206.2588993,5.565814699659763e-12,0.9733605580228154,2.3633878190548505e-08,3.0962733042869046,3.1641359363585477e-12,11.588918799923734,4.768250257271452e-12,21.186685597657107,7.2098594066397915e-12,4.714609980458479,4.417433816590312e-12,0.1676336080801516,6.474390791522078e-12,10.351644026801926,2.2133778975877789e-10,16.159854921729842,1.1939045853211566e-11,0.014905990014981593,5.649579342112091e-12,17.552353028491098,3.393834363684148,1.743163417102754,10.537527512417316,13.196509626566298
dcr_KS07_CD8_naive-1_beta.p,27.96258945379127,0.7981708361665812,0.001755406017900418,10.347315964399435,0.0027970799556250913,1.1142868052444044,0.0005788411091780725,0.012927947811414077,0.0010243693487581762,0.0019090926230460937,1.6570936557251137e-05,0.5322694255900915,0.011257686596191665,11.380575725707663,16.716246583693685,1.3908622169209095e-06,2.501088558866753e-10,1.0731443269456309e-10,1.0269424024449418e-11,1.1111689385980751e-11,1.0303040365600408e-11,7.914828573312422e-12,1.3404789510713234e-11,3.3817761782418916e-11,1.0281288400443895e-11,7.319635784589574e-12,8.9982558969735e-12,1.1810417364147547e-11,0.0014305556164878328,1.1880437752798876e-11,0.00437028609324895,1.1657411347168357e-11,4260069733.040407,7.5310875765107e-12,0.2065020528303999,1.479345714949265e-11,3.375057383743874,6.281295532583841e-09,6.788347773050743e-07,8.514456796882371e-12,0.01880492300274727,0.003863467606499634,0.0014302462340362637,1.5201309875831905e-11,0.17714695769580868,1.1735048399844775e-11,0.0173228281528898,1.385694727617905e-11,4.6852167640507906e-07,1.031825087919066e-11,0.0013868232727944202,9.95520911911266e-12,1.0796334974355482e-11,4.5604430648241e-10,8.074078808425045e-12,7.706382148713147e-12
dcr_KS07_CD8_naive-1_alpha.p,6.43238092235778e-05,7.24428946040704e-12,5.305374352501519e-12,1.8895932134673005e-08,8.24489313846778e-12,8.797618188335856e-12,1.1791876709541835e-11,0.0029736294388555086,4.597600362619754e-12,5.755138110590937e-12,7.886519379473777e-12,8.741885744933325e-12,9.71395923638482e-12,1.0100380472488287e-11,3.6685384814474794e-12,7.811652220075999e-12,45.992289598246906,15.817979194575033,15.030260222466763,19.788368830484675,0.003347366821940554,12.343284032981257,0.9246823122348499,13.93997327918426,0.0011922614242221253,3.4111327910623963,0.0038475724795153463,3.354676074394827,8.56505681490827e-12,6.144696339525383,6.821857363367714e-12,1.2364883557766477,9.834606093031058e-12,1709071040.2734234,5.581859899175135e-12,0.8355670094975025,5.7411137065905115e-12,2.737809496138255,5.564784964414214e-12,35.09967639006798,9.851139427131033e-12,0.04900471824605007,7.892853226666014e-12,37.510414365910364,8.998252621741377e-12,12.730634867053187,7.395292063415074e-12,0.426179885560053,1.427537978406329e-05,26.30885813876022,9.356461868391077e-12,9.486142893026452,0.04946852211739047,19.57790412732421,29.148692021520123,11.491644904911036
dcr_KS07_CD8_EM_beta.p,11.909714387837255,6.028826299659068,30.151696814116278,0.9100832495902056,0.08525884325760621,1.1580172929883106,0.0001571812993696639,2.8916749770055323e-05,0.00013151089679870923,0.01884805089952849,0.005347380377882877,1.8085772680942953,0.08518853888730847,0.036767724911228324,0.26275931394900665,0.007656039164515887,1.0492331928281161e-11,1.0057566485340611e-11,2.1640318883185097e-11,1.2212636091764802e-11,1.3678089329872935e-11,9.787458076917219e-12,1.3588200143715899e-11,6.291577189713228e-10,9.154119016712467e-12,9.495236808390779e-12,1.0742567780124557e-11,1.19080446998395e-11,0.006369685600206359,1.524553174954115e-11,0.030430565302645016,1.5920498484459084e-08,0.2225940953533521,9.206279643976504e-12,5456127612.414268,1.4448662541172299e-11,73.90452866583763,1.0990040452212519e-11,0.2527317726056303,1.0188932419571342e-11,0.021189582970774418,1.465423601472735e-11,0.00012427974714870977,1.1056740017901192e-11,2.7808148450789637e-05,1.509510077547876e-11,3.100761508476216e-05,1.0286070019034182e-11,2.2184445999287393e-06,1.0942090930072028e-11,31.85982398081483,1.2698143430599126e-11,9.805348608855336e-12,5.705347021953632e-12,1.377786643339138e-11,1.2318048778043693e-11
dcr_KS07_CD8_EM_alpha.p,0.00013044849477042116,4.177172535126089e-12,4.6225327917206395e-12,8.806805725551282e-12,5.836682741922506e-12,6.285272113913438e-12,6.128646225725042e-12,5.302194706436678e-11,3.306647288120827e-12,2.9091285451254207e-12,8.0018798219443e-12,6.381537955136194e-12,7.085398093049534e-12,4.7083980975437535e-12,4.630172169040657e-12,7.179312886825881e-12,45.476493666444114,0.0027231274322819026,83.71950863024308,10.776998440812697,16.079902290725727,93.02353629590247,20.736821064839575,46.96394108022734,0.7150065548054658,21.414755599660406,27.402624413509194,3.0959878139154955,8.06381573479086e-12,9.134166267146833,7.321611276971193e-12,3.2998349263899187,4.118027582840467e-12,0.7106179519944342,4.648232741104881e-12,1116805920.5302198,4.252115632686269e-12,142.83349267352955,5.6805218410780485e-12,49.921825086179545,5.10497144691326e-12,31.03581478135854,7.662515838206158e-12,20.112322841803874,7.972609125760779e-12,14.756346456817926,4.976029740382769e-12,26.139480403344674,0.20267758830692276,62.353912703133616,4.153619718023086e-12,11.58522381780198,37.017816669162244,49.45344798311302,3.627774433949952,70.4708861698505
dcr_KS07_CD8_EMRA_beta.p,0.00043293985539683065,0.0005144907162802491,22.259943818341025,11.564092314572397,0.00012208381250891853,0.3090117032488568,0.0026268849390087452,3.7125987952980575e-05,0.6331278315709103,0.669979071701744,0.0005166648754960007,0.22428836054652168,0.00028873215013239397,1.5216791221974612e-06,0.08875321736236506,4.7282513231972884e-08,9.646959304533712e-12,1.4217854831633952e-11,8.580023015002594e-12,1.1050625609178796e-11,1.294342335938405e-11,6.894594313351719e-12,1.0392542783735426e-11,1.2094721211569788e-11,1.2304391244010694e-11,1.075965990399266e-11,4.0019876845690154e-12,1.2490014592086409e-11,0.00010244198149841396,1.0862432814268286e-11,0.006796781585615589,1.0796957898579997e-11,3.7750530849264083,7.578661419324681e-12,75.09727779728767,1.166748751946407e-11,5748927862.274423,1.1143196517119936e-11,2.1391822042956705,5.999847392320272e-12,0.0024650790245099815,9.83670607983334e-12,2.7416895885145196e-05,1.503541676200071e-11,0.008018244525109375,1.4316994247103356e-11,1.0743602066156529e-06,1.2811766551166565e-11,1.4793466309766113e-08,1.2849331612416785e-11,0.2288823417060012,9.620151679768515e-12,1.1227105798515178e-11,3.4818813140841123e-12,9.073161645137905e-12,1.0934987451332215e-11
dcr_KS07_CD8_EMRA_alpha.p,2.5999742249812785e-11,4.711824705509131e-12,2.8273652282518937e-12,3.6544288195011355e-11,5.527374975521302e-12,5.7600594997805606e-12,5.0374214320006385e-12,7.316840801143705e-12,6.406294926913734e-12,4.569810414081559e-12,4.626925367280292e-12,6.269884422685469e-12,4.3990973927806e-12,5.403763738881873e-12,3.801672864575731e-12,5.5039610541270804e-12,33.441243782051586,18.18188755754702,67.96088403857544,8.874920758158447,1.3771425729266389,66.18555561788817,33.81843942386063,13.338973040487573,5.449051461479456,0.6436032190306588,5.990463320987471,3.6689664757245004,4.528565082294604e-12,2.0905458224044624,5.277133346061243e-12,11.705317796176784,9.183175099123183e-09,2.1368475643979603,4.671152724168329e-12,133.6521942481927,3.507414288142043e-12,940437103.1497624,5.238748276888749e-12,5.707963187522524,5.978154266624861e-12,26.98034332477636,6.556669611193441e-12,3.0457763586423137,6.996903837127596e-12,1.9623310452115836,2.1482666431734614e-11,14.011932666272951,6.689868739027981e-08,61.52807673988111,4.7385240595009785e-12,3.5687939951351093,15.963326464792623,21.36862220285618,0.5473263438533353,38.373986897737886
dcr_KS07_CD8_CM_beta.p,1.4015597252313956,0.0010463029905028874,0.7460947522787774,1.9353481850104886,1.1087694570824862,0.0012581222114613198,0.00012997145403208717,0.001201448651086902,1.9348735418308863e-06,2.6807281182413957e-06,0.004916509046437786,0.0036178052214485314,0.09992531305607873,8.736560406350772e-08,0.0025756848183939407,0.24748893538624142,1.16080533706458e-11,9.180008025825665e-12,4.7535044789310095e-12,6.971441997836372e-12,9.146421388084576e-12,4.52897345232347e-12,1.2575175028659441e-11,1.1004183746608822e-11,7.886640345958517e-12,4.098890057763988e-12,7.981036383118961e-12,7.6850600690612e-12,1.4946299979853197,6.876616327341143e-12,1.5858434623251827,1.3594807226563763e-11,6.918616819394986e-07,9.791533898303276e-12,0.22779221891556772,1.6375176466723287e-11,1.83693849263951,8.035070435620223e-12,3781752561.505927,5.547539524078417e-12,0.04741413030987829,1.1025731820644531e-11,0.039402289125449935,1.3718980937715165e-11,2.7788141323298406e-05,8.809063174824579e-12,0.0008466962884324677,8.349026321553683e-12,0.048119988161488124,8.833398451044862e-12,0.04664468316293623,9.905740827240826e-12,8.357775123948703e-12,6.968904873635832e-12,8.011595731978237e-12,5.502564663509814e-12
dcr_KS07_CD8_CM_alpha.p,5.512684761589137e-09,6.175525595983305e-12,3.0100118829517376e-12,3.6523868126518416e-11,6.5399481954769845e-12,8.337161998723788e-12,5.762766750909433e-12,3.229025095970537e-11,4.511033320862423e-12,2.948729500288044e-12,6.722308732807912e-12,5.483973791683109e-12,5.609906081409477e-12,6.278324097018284e-12,4.192794092889774e-12,5.052191473916617e-12,15.483931512649043,18.287208184445948,0.02549814997347859,5.0478368639434965,6.085698850666347,49.11400935745669,0.04615581542525808,7.746079217428326,7.028292798623563,10.963206281611363,12.440772575225877,3.1496942039770635,5.618281585670418e-12,9.509561425041888,3.844495746353108e-12,22.855667610854866,7.594751233585438e-12,28.504935534708412,4.296349736995008e-12,50.09991260145099,2.847160475525978e-12,6.055496156931781,4.858019722380418e-12,1072195312.9678465,5.4067625541377425e-12,11.501285418305136,5.923993755313854e-12,1.3038976688032031,8.013891307433277e-12,33.03539894176084,7.20462089076064e-12,21.975445351181225,9.150765380993047e-12,14.853893875898931,7.0147687555555826e-12,0.044476818226450686,8.042680257009152,35.91855234235096,4.519781793671565,59.5716850352451
dcr_KS07_CD4_naive-4_beta.p,0.0016691689666828147,13.69910069696532,0.17153686386561218,0.6484106984281387,0.0004689511662425514,0.0022697102101770146,0.15111502146724706,5.870549072980887,0.11064941605714493,0.022328564331954407,5.368845047729453e-06,0.03153108830795718,8.344157626231192e-06,7.766133009040886e-06,0.2317604191602022,38.70254060034007,8.217373170187256e-12,8.789796055221661e-12,4.447050552518209e-12,9.507017239011655e-12,1.123575913839377e-11,6.541857504307164e-12,3.964163488711765e-06,1.2619432727891777e-11,1.2941818803095424e-11,6.8560105257491755e-12,5.808362867847851e-12,8.58180689161955e-12,0.6478420112065979,8.174182358152873e-12,0.262892780406519,9.011319492493723e-12,0.017650524863815797,7.308255993130134e-12,0.018787699977877284,1.0765667276915863e-11,0.002246772310793778,1.1173158362580336e-11,0.04536583063711418,6.703607147448054e-12,3131307603.4317613,1.600383594967976e-11,0.0008891912237527882,1.3324021338089039e-11,0.12166747866728063,1.1878623295108936e-11,9.375950334047308e-07,4.6291241885007753e-10,12.259072898023826,5.364640713167592e-12,1.3539266919451725,1.0963022344593426e-11,9.674406836877096e-12,2.4297972879859606e-10,8.155340625027342e-12,6.159403896778077e-12
dcr_KS07_CD4_naive-4_alpha.p,3.948770451095229e-12,5.160228527771928e-12,3.316142981995182e-12,1.0503416375723943e-07,5.098060416937687e-12,5.709591807523024e-12,5.2275667258360125e-12,1.5858285956289523e-10,6.156253203622389e-12,5.217543113335956e-12,1.548522510148932e-11,1.3521833001404225e-11,5.597725037991255e-12,6.232495364198116e-12,4.343820766626197e-12,5.2563239731458785e-12,31.029550455863188,32.85051030682482,49.268150211410244,5.300193173913332,9.11420741639621,12.450950176570847,13.603724893228964,4.93980993689756,0.004734041968686151,21.450485269247647,12.93878032961478,8.47826070031733,4.811147928735467e-12,9.01920531949087,6.681588013284491e-12,4.688905570361486,0.0028987796144067175,0.04166896013732673,4.772704594263263e-12,28.607999842174294,2.970339193619435e-12,26.522395183281432,3.918265730098847e-12,10.668351039777876,1.8161215406668655e-11,901297585.2671306,5.469681780194477e-12,35.31827627974914,5.899938528056807e-12,0.07967840292714966,8.518635396675769e-12,18.91434373820529,2.4303670010936337e-11,31.655609566017432,1.164572971898402e-10,18.177398123353868,27.358604823881137,41.10273715545233,4.016882172690668,0.0026176883754646272
dcr_KS07_CD4_naive-2_beta.p,8.83383352842354e-06,54.940526231973415,1.8782505232955558,0.0008540424178944617,1.0625607073809717,0.0005361106952461772,33.053501362146456,2.1227996087616268e-05,0.6297117899587878,0.005583928018761051,1.3900938817533048,0.11287460024816262,0.001649992405010195,0.032297005643132905,0.06041437451322528,3.3484417251887774e-06,9.862274598730583e-12,5.78810673990545e-12,6.538707851187893e-12,7.793515934406555e-12,7.838060330535273e-12,7.141503697924655e-12,9.174720823972758e-12,7.61774195680304e-11,4.592067826202796e-09,3.856918662215178e-11,7.366163206509165e-12,7.859524961974389e-12,1.660382860193026,8.711412238980444e-12,0.04203171841392326,6.640881864344256e-12,0.001368903722464665,5.261756882602445e-12,0.00012116374290395159,1.1540889959316333e-11,2.7721072665974777e-05,9.445553108456037e-12,0.037193908677765265,6.470543924666878e-12,0.0008858623012554133,6.532576675582823e-12,3018136604.0432863,7.617219906050054e-12,0.2812001101917197,1.2557156712400941e-11,0.03153829578047389,9.468622590756562e-12,6.287379309789467,6.726540578190889e-12,0.018113439457702316,1.0899157150966653e-11,2.8321242240890922e-09,5.184371026182849e-12,5.412489819409946e-12,6.906178563855143e-12
dcr_KS07_CD4_naive-2_alpha.p,5.238546442547162e-12,5.036094270116798e-12,7.35418852060853e-12,3.669386371213777e-11,6.2749674778342306e-12,5.015855765993791e-12,7.221402615656332e-12,1.7967558389856804e-08,4.730870428657729e-12,3.965343983857061e-12,5.816914133476297e-07,6.541153458752191e-12,4.863679878608941e-12,6.758360495087214e-12,2.3895139860799767e-12,6.588862293046947e-12,17.344273609939208,42.23730015809551,9.655848010001295,0.0007628247453432173,21.528976970789678,17.66438194224898,6.480257942529159,7.676300732668954,30.20185456381771,7.693878004779966,26.286760221189247,5.460581790287369,5.64893385928718e-12,31.436961173217192,7.33776952849427e-12,0.16452820635949666,5.277329024901491e-12,27.06443322630641,5.8704558665821945e-12,18.11295662023782,3.395673214716856e-12,2.946215250867998,4.042325553466132e-12,1.203281954715549,7.490591006022382e-12,34.60357930019156,7.67899178773396e-12,859211418.1121975,6.623520335426928e-12,7.152780746613866,6.093383068370895e-12,12.408932814999892,0.0004666159990820356,21.928925047680224,5.547512740364755e-12,11.661282674392803,29.04920631827271,21.958790098392022,10.963539542786918,15.67712498001221
dcr_KS07_CD4_naive-1_beta.p,0.0012757256925182612,8.040214544234967,0.04934204843372404,0.8071532868948436,0.13555432308299425,0.0011211649508456657,1.7124140787969e-06,0.0603813573791762,7.52814008119849e-05,0.2827925383963278,0.17482548533207204,0.38628894907893163,0.0019356408571458003,0.046489812307503105,1.8364272829158333e-05,0.14062782885602962,5.957916154497396e-12,5.7702002242928e-12,5.647444682410954e-12,7.988684962849556e-12,6.68431422435863e-12,4.882688559139354e-12,5.6229130377261564e-12,6.8712234902641414e-12,4.521984941931081e-12,4.519018055948401e-12,5.235385498106359e-12,3.3627686647355116e-12,0.023803976995606685,6.48705850635337e-12,0.09008886096670934,6.487911965531093e-12,0.1325573793149943,5.200531511948148e-12,2.736885885265891e-05,5.91089983430382e-12,0.006340713514437505,4.861835960048024e-12,2.811761729534946e-05,3.863755039566194e-12,0.1004234818996996,7.592994449252606e-12,0.22610991427249874,7.0819681649750735e-12,1532442631.7717292,6.7064163844156955e-12,0.000879035996201392,6.72306231401517e-12,1.3445535330978344,3.966864568093196e-12,0.009250799434905753,6.241993618861327e-12,3.708839481902767e-12,3.4376439336159994e-12,4.4000365391969945e-12,5.772903270246899e-12
dcr_KS07_CD4_naive-1_alpha.p,4.641875116486292e-06,3.2370581762989475e-12,2.422535092927981e-12,3.742406293692193e-12,3.317230008379862e-12,3.5704152955636007e-12,3.0974577852432695e-12,2.0082258974461236e-08,2.7767273915147027e-12,2.4096826375067832e-12,5.321972335562901e-12,4.974173513422149e-12,3.006659504015406e-12,3.161416932979269e-12,1.0390017195492024e-12,2.6695781446736957e-12,5.756903804739078,0.05950114436761507,7.719113005635808,4.1574776701395635,4.378613070978891,3.2888210094925223,8.275249103058155,14.418529007524644,0.7811917841813566,3.661184076679289,24.164558756009704,8.543228667048838,3.5165458107658373e-12,5.687540121157038,2.9258914495541656e-12,6.670661117205237,3.869480308120519e-12,6.2235419883188206,2.548457497715349e-12,9.012940135371045,1.5349638547013543e-12,1.3023554088422458,2.467405780234765e-12,18.271665445631516,3.4545142181863978e-12,0.059339742569468494,2.9940234523417764e-12,4.705147269703719,3.553048059979744e-12,330357015.46203876,3.1765495015467518e-12,1.809648973161705,7.2946064489714995e-06,8.045241005463236,4.188377843481611e-12,5.82801649650129,19.44507017738839,5.281746214949726,8.299983055683306,0.0011845278753777892
dcr_KS07_CD4_EM_beta.p,3.4083215596915046e-06,2.0080048968523752e-05,0.0036891908078553613,9.266194586009783e-05,0.5059829284248734,3.221653279369441,0.0019791848707875507,0.00011175427158758229,3.778137721201333,4.2512690795319757e-07,0.005375720104751081,3.5053595421466057e-05,0.0002032313590177065,1.026691300555123,1.0222202745843172e-05,6.074901353361989e-05,6.3564722605858e-12,7.223098398459653e-12,4.833832862094155e-12,7.0843448054214124e-12,5.2104851413737716e-12,2.5435997574761133e-12,5.724653806173425e-12,2.7432844170533167e-11,4.415206446325209e-12,5.001003227533796e-12,9.215864056780773e-12,1.054863214381061e-11,0.07939204312419484,1.2035131266257818e-11,0.03596869664730528,1.6247239201381885e-10,0.014906512281419378,5.58589343425178e-12,3.110719991050632e-05,8.31476039448083e-12,1.201129197262698e-06,1.883247676315111e-11,0.0007912206330110988,6.6631456589781225e-12,9.77466269612624e-07,6.992711860338502e-12,0.02942328748109502,8.097738822605402e-12,0.000916251298862904,1.1301506994149151e-11,2203617553.1493917,7.178343055490071e-12,5.247924418097726,6.035958290734107e-12,0.003936428127885806,1.6144842137135034e-10,6.527669637873473e-12,3.4418017666643963e-12,7.744408968573922e-12,7.196127023452417e-12
dcr_KS07_CD4_EM_alpha.p,9.159896057337606e-08,8.698108517905751e-12,2.4653096593316818e-11,2.896191147910361e-10,1.0180211629025482e-11,2.1505443569815706e-05,2.5008522997892037e-11,1.633174929165019e-09,1.1582599460457606e-10,7.377479813164735e-12,9.264455267135609e-12,9.653245115650102e-12,8.643675299146027e-10,8.87716157797885e-12,4.479332028877265e-12,7.386473201493327e-12,6.410391449745744,6.412712193086773,15.589751450865295,4.999654480467305,2.8937325258179816,8.043338905926957,7.179748217059811,9.178111401116114,8.041466556565892,21.612793501638176,3.338029155850993,11.059571509345977,8.735217461635813e-12,22.030391136185347,9.147705274818372e-12,22.284154473332723,6.696739592197786e-12,0.44130989167926465,6.019465460361728e-12,33.97316397908733,3.642409406951423e-12,19.66411759676886,6.170977111590188e-12,29.058835657439086,5.464040421132411e-10,26.485868801173243,1.0155753208022778e-11,17.932609300103394,1.3561427395573126e-11,3.6730984736312013,8.350186559311123e-12,1909798752.4101498,0.0008125740339971648,50.00863181111332,5.532916160534742e-12,1.017183198009194,3.7811935675384802,45.622785868729395,19.551714595399748,0.008313296856580138
dcr_KS07_CD4_EMRA_beta.p,0.036465174141381534,0.11174251450381231,5.7004006295696974e-05,8.524967939748,0.02904115364224715,0.10192788009862587,0.009785159772855129,1.0725170475628646e-06,1.016380625847121,0.0003738032475071559,1.4737305784047472,0.24403243646768227,1.6411162240262778,0.10995040521406751,6.2121166338484315,3.3500912517244235,3.83670223011181e-12,5.159690334179628e-12,2.2611947724108724e-08,5.331660251655062e-12,6.361790982909535e-12,0.00015951922355337197,0.0032616576763986106,8.100818426878893e-07,5.220391459164716e-12,3.709885389846495e-12,9.81829214813723e-12,3.831573161537095e-12,1.4466238970672381e-05,2.9412390544078066e-09,2.369211781969983e-08,1.0895417518354435e-11,5.908852963696916e-07,1.4312751567471865e-05,2.6214660544232976e-06,0.1915366413991897,2.4115709053095852e-08,6.727596817347836e-08,0.03273714279691755,5.934161007704857e-12,6.973725057112075,2.0202354572802603e-11,3.7308677086685726,0.0004693965926005475,1.0909582273992184,7.301536675268713e-06,3.6363575010891513,0.0007299682587281802,894595594.7208073,3.932817865654758e-12,0.40640577990864374,9.016991369002297e-12,7.236377521753504e-11,2.8731532252629493e-12,2.9818700408769995e-10,5.360965215973741e-07
dcr_KS07_CD4_EMRA_alpha.p,2.603544027932624e-12,3.924675023541053e-12,5.411385958197039e-12,5.063033899658942e-12,5.286119928090241e-12,5.909070840415174e-12,5.938812531092369e-12,1.0470075143819076e-11,2.872694064693943e-12,4.546796382565671e-12,6.5597132201363205e-12,5.895364203921746e-12,5.4468911346265824e-12,6.891651232636535e-12,2.4534973039352646e-11,4.554673929075779e-12,0.8542209908221196,6.777743546455643,58.450755010706835,24.646282865386915,6.007340054692229,15.84385983763754,1.591328221048274,16.068215679145734,11.512457829802642,1.5054387204189175,9.4650117009373,6.410718187855456,5.786085204592822e-12,18.647185090453394,6.56182277272616e-12,0.015254781922553058,8.634062158528227e-12,20.509543649571505,5.9237825160148724e-12,60.48045870129162,3.0069766812943447e-12,63.728767275807975,4.559095264855205e-12,14.374717770883278,7.118310200865552e-12,33.39541529702489,6.3633999720898664e-12,23.554241735488052,7.402876695729378e-12,13.12573220754166,5.584501526529631e-12,36.314554034723095,5.337544842682494e-12,997351553.6696029,6.363740635438331e-12,10.139543662361016,25.82175065903112,10.504807375428145,0.45851663363213385,44.309247634873955
dcr_KS07_CD4_CM_beta.p,1.013222201965448e-05,0.5760463959182693,0.2004125843253824,0.12412142018146655,0.4355185045903388,0.349343446723308,1.0465181635623075,1.2427516559082008,7.785666868569032,0.059027757569853484,0.00025500893177622316,1.8400210511608474e-05,0.00033949214561555715,0.10342261982799292,0.006708387802313447,0.07627679748008234,6.5552181545314765e-12,4.850454178514629e-12,4.343889613829435e-12,4.456606994999608e-12,8.522397625589494e-12,1.0031576888666e-09,7.698458653873437e-12,1.5306292944718234e-09,9.366977877344676e-12,6.178046738285854e-12,7.917986772604933e-12,3.674484944492991e-11,0.07259234367746518,6.384322528759062e-12,0.03775791497044536,9.103413359613676e-12,0.0012896419293365433,6.0121121804589526e-12,21.832267715125433,6.898237318523441e-12,0.17497530005387676,6.871782146097535e-12,0.041246704556915335,4.175865904912817e-12,1.218532688784471,8.199011555120007e-11,0.017201416626786748,5.778471825864882e-12,0.010137432434442435,1.0997898940167945e-11,0.003988052632981029,7.781128817220944e-12,0.5689490815577735,7.07920278531681e-12,2366415046.2301936,4.792826832833746e-12,5.447191488542355e-12,5.930175180170451e-12,4.6837050770287154e-12,1.2833658567043534e-11
dcr_KS07_CD4_CM_alpha.p,4.078960046771281e-12,5.257207026635956e-12,2.9535441753876403e-12,1.0106827383784752e-10,5.673769518094448e-12,4.44161537507169e-12,5.553832369849395e-12,3.850676878137458e-09,3.849230483975268e-12,3.859319903452802e-12,3.383353428099196e-12,4.567465621058874e-12,5.579362491967853e-12,4.052126751178692e-12,1.5754974439465213e-12,3.722574836479972e-12,1.9161475800182628,0.12648875695650416,1.003591793653114,21.931196704277692,16.48050479584837,5.093063319781488,5.772586316500572,8.169224695520233,14.700188668025698,0.7789271000798234,18.756869510071468,1.8157749979211073,4.919993153477741e-12,1.361262427335261,1.566373482311052e-11,13.221686997803536,5.610638952553297e-12,5.424491263018771,3.649317615608899e-12,8.027682105148275,3.016783576859982e-12,2.738824897337143,3.3746730560075643e-12,0.03638253748691951,6.0377279984055944e-12,13.73092108807411,4.625637965236626e-12,8.974160258209562,4.059625018196122e-12,6.979303868891712,2.7099876123094815e-10,0.608542982117971,9.475584904094132e-12,7.360654842153305,5.200282531315341e-12,482770972.2269104,0.18937257184480769,4.782333127843733,8.204481895002216,16.568921528217064
dcr_alpha_SK11_CD8_naive_alpha.p,5.23022318619038e-11,5.5873412847043e-12,5.0138490304823305e-12,1.550695511361308e-08,5.349197447647209e-12,3.940682112460591e-12,5.0619430017905046e-12,1.1646691618590528e-05,5.386414033120133e-12,2.661664835715576e-12,5.062455270154667e-12,5.575134181919134e-12,6.5845282182250755e-12,4.802884997024314e-12,4.0853579000925395e-12,5.323574957551689e-12,0.24752344442194812,24.771876886154818,5.6923489873453805,6.168367289594107,4.896346800398143,14.242144403648403,0.2471062634519038,5.244433920497097,5.46305915808501,33.221050163379026,20.242951951621873,9.303634643571392,4.091643335765267e-12,1.459322235589708,4.582214273405368e-12,3.188582625571584,8.503290977708445e-12,0.04123310567157176,3.866007271733373e-12,31.752870014323445,3.904260664497767e-12,14.721856502911129,5.276082852866836e-12,6.997030427469582,5.98616560412896e-12,25.57683694826953,4.096525829231439e-09,27.753696762483415,5.8816002599828426e-12,29.33769108133781,5.524112965916778e-12,2.651190540318733,7.840906548984248e-11,22.972537678163395,3.2471130420813007e-12,0.22049776911314256,775213785.5486045,0.020566774807327756,44.73470602839975,3.3517009221073693
dcr_alpha_SK11_CD8_EM_alpha.p,1.0492207354163457e-07,6.173169858740798e-12,3.885029184383315e-12,8.091378938014327e-12,5.66267023138307e-12,6.2429811497442925e-12,6.400494799639505e-12,7.145097652360455e-12,5.168852721585523e-12,3.6871088292008785e-12,6.095771094846004e-12,6.473132940600774e-12,5.853703145350814e-12,3.658164413053434e-12,4.8406486435159735e-12,6.901618693543505e-12,28.620258617654663,17.79123551468158,2.2895283475554353,0.6142024952175431,21.285496802221402,64.31684671242077,37.61306704664925,0.002463144160995147,0.08299716971245172,39.77533073499251,36.643737302013484,0.0006001801673906543,8.625079284293519e-12,12.702220081573989,9.346945293098305e-11,2.010115444944923,6.803408218643558e-10,17.358675154339533,5.3636195478955155e-12,54.54558495649408,3.705956108672045e-12,24.903871577076416,5.932236726823672e-12,39.43615768824434,3.3169793678466953e-10,49.22893843084251,6.677153317996544e-12,26.597066902147134,7.296818038857693e-12,9.525091625583512,5.53519388900835e-12,38.00152097836876,6.712520883844305e-12,11.870885716437185,6.419306468459117e-12,7.168220773198951,0.0230549646265517,1342670020.2640822,100.61353728305781,73.86691002742248
dcr_alpha_SK11_CD8_EMRA_alpha.p,3.9569754467057635e-12,7.621530663643637e-12,2.041057512912599e-10,3.646676412967972e-11,3.3548382148060483e-12,7.740471981461806e-12,6.688358888229141e-10,4.687561445260336e-10,4.0485596350571645e-12,3.2359463439222687e-12,6.3489586213729205e-12,7.26587732041806e-12,1.9145607946050085e-10,6.45236663211594e-12,4.292418866431658e-12,7.43084335280739e-12,6.271777405265949,77.15486763811295,52.60359427345225,1.4170102329200018,25.41080256421442,24.58397206871861,12.414533127292374,28.067795288517356,1.3373621010599197,4.283077651487342,0.2741064593677242,31.332544406883404,5.6322937649750785e-12,3.5837452096304774,4.139427106069691e-12,12.115738398419746,6.564968250427938e-12,25.481115224372317,1.3063591005429218e-11,3.886620441809541,5.215744939757161e-12,0.6132111234540604,4.380122930636798e-12,4.834111387958957,8.838434681132677e-12,4.604749771162129,6.380821255761035e-12,12.97329055643865,4.98264154422493e-12,15.064121616299525,5.958359325116273e-12,16.131807179819496,2.6329444642831073e-10,0.499554029708712,4.162660420505431e-12,12.296019644672917,56.66793365776906,99.1717074492125,1278627744.52765,15.588068445727583
dcr_alpha_SK11_CD8_CM_alpha.p,4.829963688441253e-06,7.853404941625362e-12,4.532027956219946e-12,4.0666565974002536e-10,4.267767306536081e-12,8.670613670291569e-12,7.492780174758804e-12,2.090771090904927e-11,4.2548392167055054e-12,4.227782090635308e-12,5.030933403036249e-12,8.778104874300779e-12,5.392895088489808e-12,7.893282944635658e-12,3.0745754788697224e-12,6.573936569210173e-12,15.474289629229347,4.898331992913051,73.9633652432,0.008787180296492005,14.639691957545793,17.453797102612363,26.041644446972494,45.25191894101581,19.660435644816022,37.40109646663289,23.94322290751143,20.151635924459793,8.952220090204027e-12,0.12483220403274696,5.2610826820821635e-09,16.09901965782286,6.929874754649938e-12,10.578055644720692,1.085474582261162e-11,80.83182510950924,4.499723827392296e-12,46.910802155630165,6.597250935331091e-12,67.9228025033022,5.730258099846871e-12,0.002844122876505943,7.0914268903268405e-12,19.89487621870739,1.046343615274389e-11,0.0014006844705627655,7.284727801557101e-12,0.00787229467008021,5.116265939720532e-07,52.4205039568293,1.188138984122389e-11,27.33426980373123,4.307849858465701,76.83299811344537,16.33125367385161,1447602294.6323807
