file,SRR7958142_7_D_Post,SRR7958141_7_D_Post,SRR7958140_7_D_Post,SRR7958139_45_D_Post,SRR7958138_45_D_Post,SRR7958137_45_D_Post,SRR7958136_45_D_Post,SRR7958135_45_D_Post,SRR7958134_7_D_Pre,SRR7958133_7_D_Post,SRR7958132_7_D_Pre,SRR7958131_0_D_Post,SRR7958130_0_D_Post,SRR7958128_0_D_Post,SRR7958127_0_D_Post,SRR7958126_15_D_Post,SRR7958125_15_D_Post,SRR7958124_15_D_Post,SRR7958123_15_D_Post,SRR7958122_2_Y_Post,SRR7958121_2_Y_Post,SRR7958120_7_D_Pre,SRR7958119_2_Y_Post,SRR7958118_15_D_Post,SRR7958117_15_D_Post,SRR7958116_7_D_Post,SRR7958115_7_D_Post,SRR7958114_7_D_Post,SRR7958113_7_D_Pre,SRR7958112_45_D_Post,SRR7958111_45_D_Post,SRR7958110_7_D_Post,SRR7958109_7_D_Post,SRR7958108_45_D_Post,SRR7958107_15_D_Post,SRR7958106_45_D_Post,SRR7958105_45_D_Post,SRR7958104_7_D_Post,SRR7958103_7_D_Post,SRR7958102_45_D_Post,SRR7958101_0_D_Post,SRR7958100_15_D_Post,SRR7958099_0_D_Post,SRR7958098_0_D_Post,SRR7958097_0_D_Post,SRR7958096_0_D_Post,SRR7958095_7_D_Pre,SRR7958094_7_D_Pre,SRR7958093_15_D_Post,SRR7958092_15_D_Post,SRR7958091_7_D_Pre,SRR7958090_7_D_Post,SRR7958089_7_D_Pre,SRR7958088_0_D_Post,SRR7958087_0_D_Post,SRR7958086_15_D_Post,SRR7958085_0_D_Post,SRR7958084_45_D_Post,SRR7958083_45_D_Post,SRR7958082_15_D_Post,SRR7958081_15_D_Post,SRR7958080_7_D_Post,SRR7958079_15_D_Post,SRR7958078_45_D_Post,SRR7958077_45_D_Post,SRR7958076_7_D_Post,SRR7958071_0_D_Post,SRR7958070_0_D_Post,SRR7958069_0_D_Post,SRR7958068_7_D_Pre,SRR7958067_7_D_Pre,SRR7958066_7_D_Pre,SRR7958065_0_D_Post,SRR7958064_0_D_Post,SRR7958063_0_D_Post,SRR7958062_7_D_Post,SRR7958061_7_D_Post,SRR7958060_0_D_Post,SRR7958059_0_D_Post,SRR7958058_7_D_Pre,SRR7958057_0_D_Post,SRR7958056_45_D_Post,SRR7958055_15_D_Post,SRR7958054_0_D_Post,SRR7958053_0_D_Post,SRR7958052_7_D_Pre,SRR7958051_7_D_Pre,SRR7958050_45_D_Post,SRR7958049_45_D_Post,SRR7958048_45_D_Post,SRR7958047_45_D_Post,SRR7958046_7_D_Post,SRR7958045_7_D_Post,SRR7958044_7_D_Post,SRR7958043_7_D_Post,SRR7958042_15_D_Post,SRR7958041_15_D_Post,SRR7958040_45_D_Post,SRR7958039_15_D_Post,SRR7958038_45_D_Post,SRR7958037_45_D_Post,SRR7958036_45_D_Post,SRR7958035_45_D_Post,SRR7958034_7_D_Post,SRR7958033_7_D_Post,SRR7958032_15_D_Post,SRR7958031_15_D_Post,SRR7958030_15_D_Post,SRR7958029_15_D_Post,SRR7958028_45_D_Post,SRR7958027_45_D_Post,SRR7958026_45_D_Post,SRR7958025_45_D_Post,SRR7958024_7_D_Post,SRR7958023_45_D_Post,SRR7958022_7_D_Pre,SRR7958021_7_D_Pre,SRR7958020_7_D_Post,SRR7958019_7_D_Pre,SRR7958018_0_D_Post,SRR7958017_0_D_Post,SRR7958016_0_D_Post,SRR7958015_0_D_Post,SRR7958014_0_D_Post,SRR7958013_15_D_Post
SRR7958142_7_D_Post,3.93,4.25,4.12,4.4,4.06,4.1,4.31,4.32,4.18,3.93,4.32,4.12,4.02,4.27,4.02,4.28,4.21,4.03,4.19,4.46,4.48,4.36,4.81,4.43,4.58,4.44,4.52,4.41,4.49,4.49,4.45,4.24,4.64,4.41,4.25,4.45,4.35,4.28,4.5,4.46,4.43,4.35,4.53,4.37,4.45,4.61,4.31,4.2,4.44,4.41,4.48,4.48,4.29,4.49,4.44,4.37,4.47,4.45,4.44,4.35,4.51,4.56,4.44,4.53,4.55,4.49,4.5,4.51,4.32,4.37,4.41,4.43,4.55,4.5,4.34,4.22,4.42,4.37,4.51,4.37,4.5,4.44,4.3,4.21,4.56,4.46,4.43,4.59,4.31,4.24,4.53,4.56,4.21,4.47,4.37,4.15,4.32,4.38,4.35,4.56,4.35,4.32,4.54,4.4,4.46,4.37,4.62,4.55,4.42,4.38,4.5,4.49,4.45,4.44,4.63,4.63,4.48,4.52,4.56,4.29,4.35,4.38,4.28,4.29,4.44
SRR7958141_7_D_Post,4.25,3.97,4.77,4.7,4.7,4.7,4.25,4.66,4.75,4.6,4.65,4.73,4.68,4.75,4.54,4.82,4.27,4.49,4.71,4.83,4.95,4.82,5.02,4.72,4.96,4.75,4.87,4.85,4.79,4.7,4.63,4.62,4.89,4.8,4.66,4.75,4.51,4.65,4.76,4.76,4.82,4.72,4.69,4.72,4.74,4.88,4.66,4.74,4.74,4.76,4.92,4.6,4.7,4.72,4.76,4.76,4.69,4.78,4.81,4.72,4.78,4.78,4.7,4.72,4.73,4.95,4.77,4.75,4.8,4.73,4.75,4.81,4.64,4.75,4.86,4.46,4.7,4.65,4.65,4.84,4.81,4.64,4.51,4.52,4.63,4.77,4.63,4.87,4.61,4.63,4.64,4.72,4.6,4.71,4.65,4.53,4.74,4.77,4.63,4.73,4.73,4.59,4.56,4.63,4.65,4.71,4.89,4.7,4.66,4.55,4.77,4.72,4.74,4.81,4.81,4.85,4.79,4.76,4.86,4.66,4.7,4.76,4.58,4.64,4.81
SRR7958140_7_D_Post,4.12,4.77,3.94,4.33,4.34,4.49,4.43,3.94,4.1,4.2,4.41,3.93,4.46,4.09,4.29,4.1,4.41,4.17,4.24,4.4,4.42,4.47,4.53,4.41,4.69,4.42,4.62,4.51,4.44,4.51,4.53,4.36,4.33,4.57,4.34,4.55,4.57,4.32,4.52,4.45,4.54,4.34,4.33,4.5,4.46,4.69,4.23,4.28,4.6,4.56,4.56,4.48,4.36,4.55,4.37,4.34,4.5,4.7,4.56,4.4,4.35,4.5,4.55,4.49,4.56,4.72,4.54,4.48,4.45,4.36,4.49,4.47,4.44,4.61,4.29,4.44,4.56,4.35,4.33,4.43,4.37,4.42,4.45,4.27,4.42,4.61,4.48,4.63,4.45,4.42,4.62,4.83,4.29,4.59,4.61,4.25,4.4,4.45,4.56,4.55,4.54,4.41,4.63,4.53,4.36,4.37,4.66,4.67,4.4,4.43,4.33,4.74,4.39,4.41,4.54,4.64,4.62,4.61,4.64,4.44,4.33,4.58,4.39,4.39,4.5
SRR7958139_45_D_Post,4.4,4.7,4.33,4.39,4.49,4.27,4.71,4.58,4.4,4.43,4.56,4.55,4.65,4.45,4.6,4.47,4.54,4.32,4.53,4.73,4.74,4.8,5.03,4.49,4.96,4.85,4.73,4.68,4.53,4.75,4.65,4.54,4.67,4.69,4.65,4.76,4.62,4.61,4.66,4.39,4.77,4.7,4.62,4.65,4.68,4.78,4.47,4.55,4.56,4.58,4.74,4.58,4.51,4.62,4.57,4.73,4.55,4.73,4.7,4.5,4.52,4.58,4.6,4.66,4.68,4.73,4.59,4.75,4.59,4.66,4.56,4.56,4.75,4.59,4.6,4.56,4.55,4.6,4.61,4.74,4.55,4.48,4.5,4.43,4.65,4.69,4.65,4.79,4.62,4.7,4.8,4.68,4.52,4.77,4.67,4.47,4.77,4.56,4.65,4.57,4.66,4.62,4.69,4.78,4.47,4.69,4.7,4.72,4.43,4.63,4.6,4.77,4.63,4.62,4.77,4.76,4.64,4.6,4.67,4.65,4.65,4.57,4.56,4.53,4.64
SRR7958138_45_D_Post,4.06,4.7,4.34,4.49,4.15,4.08,4.6,4.61,4.51,4.09,4.64,4.23,4.7,4.62,4.51,4.79,4.28,4.51,4.49,4.91,4.84,4.62,5.08,4.76,4.63,4.87,4.79,4.64,4.83,4.83,4.8,4.63,4.8,4.61,4.61,4.69,4.71,4.66,4.84,4.69,4.69,4.74,4.67,4.82,4.76,4.75,4.57,4.68,4.57,4.73,4.63,4.79,4.7,4.65,4.77,4.67,4.68,4.72,4.72,4.78,4.58,4.66,4.66,4.72,4.69,5.03,4.79,4.96,4.77,4.74,4.7,4.64,4.79,4.74,4.86,4.48,4.67,4.51,4.59,4.71,4.6,4.68,4.68,4.53,4.63,4.79,4.74,4.68,4.51,4.73,4.67,4.74,4.68,4.84,4.55,4.58,4.43,4.77,4.58,4.68,4.72,4.71,4.55,4.75,4.75,4.53,4.77,4.77,4.71,4.6,4.64,4.73,4.74,4.78,4.83,4.79,4.77,4.87,4.72,4.64,4.69,4.77,4.73,4.56,4.72
SRR7958137_45_D_Post,4.1,4.7,4.49,4.27,4.08,3.93,4.61,4.4,4.27,4.5,4.51,4.56,4.37,4.42,4.39,4.44,4.57,4.37,4.33,4.71,4.66,4.6,4.89,4.53,4.74,4.77,4.6,4.74,4.58,4.52,4.56,4.56,4.7,4.62,4.59,4.71,4.55,4.55,4.55,4.46,4.53,4.61,4.7,4.6,4.61,4.6,4.5,4.62,4.7,4.71,4.57,4.49,4.44,4.55,4.66,4.8,4.59,4.76,4.53,4.55,4.56,4.64,4.62,4.58,4.63,4.88,4.73,4.68,4.55,4.66,4.67,4.56,4.61,4.61,4.7,4.47,4.48,4.45,4.54,4.56,4.44,4.64,4.51,4.37,4.61,4.68,4.6,4.79,4.54,4.58,4.65,4.75,4.56,4.64,4.55,4.47,4.56,4.7,4.43,4.58,4.78,4.58,4.44,4.66,4.55,4.46,4.78,4.76,4.47,4.55,4.72,4.59,4.72,4.67,4.59,4.73,4.67,4.68,4.69,4.58,4.6,4.58,4.62,4.53,4.74
SRR7958136_45_D_Post,4.31,4.25,4.43,4.71,4.6,4.61,4.11,4.63,4.49,4.61,4.47,4.66,4.56,4.59,4.54,4.76,4.18,4.55,4.69,4.72,4.75,4.61,4.83,4.57,4.92,4.59,4.65,4.7,4.54,4.6,4.58,4.51,4.64,4.72,4.5,4.7,4.49,4.45,4.65,4.51,4.73,4.74,4.66,4.63,4.7,4.57,4.25,4.59,4.62,4.83,4.8,4.32,4.64,4.64,4.71,4.56,4.63,4.81,4.72,4.46,4.59,4.79,4.65,4.53,4.61,4.76,4.5,4.65,4.55,4.68,4.63,4.63,4.59,4.49,4.55,4.51,4.64,4.52,4.52,4.68,4.64,4.56,4.64,4.41,4.57,4.55,4.55,4.69,4.41,4.31,4.5,4.52,4.61,4.54,4.42,4.51,4.51,4.69,4.61,4.58,4.64,4.52,4.56,4.73,4.69,4.52,4.74,4.63,4.53,4.5,4.68,4.65,4.55,4.58,4.67,4.73,4.68,4.63,4.62,4.72,4.6,4.58,4.43,4.63,4.77
SRR7958135_45_D_Post,4.32,4.66,3.94,4.58,4.61,4.4,4.63,4.07,4.17,4.21,4.37,4.06,4.43,4.28,4.2,4.15,4.41,4.27,4.27,4.34,4.39,4.28,4.72,4.33,4.51,4.46,4.42,4.52,4.45,4.57,4.47,4.28,4.34,4.44,4.37,4.63,4.4,4.18,4.39,4.37,4.36,4.51,4.56,4.35,4.31,4.57,4.14,4.29,4.34,4.61,4.46,4.16,4.27,4.44,4.47,4.3,4.49,4.49,4.39,4.13,4.23,4.38,4.4,4.26,4.45,4.46,4.44,4.24,4.28,4.34,4.48,4.52,4.51,4.51,4.4,4.36,4.41,4.24,4.45,4.32,4.39,4.32,4.47,4.23,4.3,4.55,4.5,4.52,4.38,4.42,4.47,4.65,4.31,4.46,4.37,4.27,4.35,4.21,4.33,4.53,4.55,4.41,4.39,4.51,4.29,4.36,4.53,4.31,4.29,4.44,4.41,4.81,4.36,4.29,4.65,4.67,4.43,4.49,4.38,4.33,4.21,4.28,4.38,4.28,4.29
SRR7958134_7_D_Pre,4.18,4.75,4.1,4.4,4.51,4.27,4.49,4.17,4.06,4.16,4.46,4.25,4.43,4.3,4.4,4.46,4.43,4.23,4.31,4.65,4.52,4.4,4.76,4.51,4.77,4.6,4.53,4.61,4.56,4.49,4.54,4.22,4.46,4.55,4.49,4.6,4.68,4.39,4.49,4.31,4.61,4.51,4.54,4.4,4.5,4.73,4.06,4.29,4.48,4.59,4.65,4.4,4.37,4.51,4.54,4.5,4.5,4.66,4.63,4.41,4.39,4.57,4.52,4.67,4.64,4.73,4.51,4.41,4.47,4.4,4.44,4.54,4.62,4.63,4.49,4.22,4.55,4.43,4.51,4.6,4.43,4.45,4.48,4.42,4.47,4.65,4.49,4.7,4.55,4.36,4.62,4.65,4.31,4.55,4.34,4.34,4.46,4.37,4.46,4.67,4.49,4.44,4.53,4.49,4.59,4.54,4.68,4.5,4.56,4.43,4.54,4.55,4.41,4.41,4.46,4.73,4.5,4.7,4.47,4.43,4.36,4.48,4.32,4.31,4.43
SRR7958133_7_D_Post,3.93,4.6,4.2,4.43,4.09,4.5,4.61,4.21,4.16,3.79,4.49,4.16,4.12,4.09,4.34,4.36,4.17,4.23,4.35,4.32,4.53,4.4,4.65,4.4,4.63,4.56,4.53,4.58,4.4,4.68,4.5,4.24,4.56,4.71,4.5,4.57,4.57,4.56,4.58,4.37,4.58,4.54,4.59,4.53,4.37,4.8,4.1,4.45,4.63,4.64,4.62,4.4,4.35,4.5,4.55,4.35,4.55,4.68,4.59,4.41,4.31,4.62,4.48,4.51,4.45,4.81,4.42,4.6,4.32,4.48,4.6,4.59,4.46,4.6,4.52,4.37,4.54,4.37,4.43,4.49,4.67,4.44,4.33,4.18,4.53,4.61,4.54,4.58,4.25,4.42,4.58,4.58,4.26,4.55,4.42,4.4,4.45,4.42,4.36,4.7,4.6,4.51,4.61,4.54,4.47,4.36,4.8,4.5,4.33,4.48,4.41,4.61,4.51,4.52,4.54,4.57,4.49,4.71,4.62,4.62,4.51,4.49,4.52,4.43,4.54
SRR7958132_7_D_Pre,4.32,4.65,4.41,4.56,4.64,4.51,4.47,4.37,4.46,4.49,4.13,4.55,4.52,4.59,4.51,4.67,4.66,4.58,4.74,4.59,4.55,4.45,4.85,4.52,4.76,4.6,4.52,4.6,4.48,4.48,4.45,4.49,4.66,4.62,4.56,4.8,4.42,4.4,4.51,4.62,4.7,4.64,4.63,4.66,4.55,4.65,4.47,4.73,4.58,4.58,4.56,4.55,4.5,4.26,4.39,4.31,4.02,4.66,4.68,4.58,4.43,4.54,4.34,4.43,4.67,4.9,4.64,4.7,4.65,4.59,4.46,4.69,4.61,4.49,4.21,4.61,4.45,4.24,4.43,4.58,4.44,4.53,4.37,4.35,4.42,3.99,4.08,4.23,4.54,4.04,4.17,4.35,4.15,4.18,4.19,4.48,4.69,4.43,4.51,4.77,4.55,4.58,4.51,4.81,4.48,4.38,4.72,4.47,4.38,4.38,4.64,4.68,4.55,4.59,4.55,4.82,4.65,4.55,4.57,4.61,4.5,4.67,4.58,4.35,4.7
SRR7958131_0_D_Post,4.12,4.73,3.93,4.55,4.23,4.56,4.66,4.06,4.25,4.16,4.55,3.78,4.27,4.25,4.15,3.78,4.42,4.22,4.22,4.21,4.17,4.31,4.6,4.22,4.38,4.5,4.4,4.45,4.49,4.33,4.43,4.23,4.59,4.47,4.28,4.54,4.44,4.27,4.41,4.21,4.4,4.28,4.38,4.39,4.41,4.48,4.08,4.01,4.27,4.29,4.33,4.23,4.15,4.49,4.41,4.26,4.34,4.52,4.37,4.14,4.22,4.25,4.37,4.32,4.31,4.47,4.35,4.3,4.31,4.29,4.41,4.32,4.17,4.49,4.31,4.26,4.36,4.18,4.42,4.28,4.24,4.29,4.32,4.2,4.38,4.65,4.41,4.54,4.33,4.41,4.4,4.49,4.29,4.47,4.33,3.88,4.32,4.16,4.26,4.51,4.51,4.28,4.44,4.34,4.38,4.28,4.46,4.44,4.31,4.24,4.36,4.48,4.54,4.32,4.51,4.46,4.3,4.53,4.37,4.37,4.38,4.31,4.2,4.19,4.32
SRR7958130_0_D_Post,4.02,4.68,4.46,4.65,4.7,4.37,4.56,4.43,4.43,4.12,4.52,4.27,3.92,4.5,4.36,4.63,4.33,4.4,4.67,4.74,4.62,4.42,4.78,4.63,4.66,4.55,4.67,4.54,4.67,4.69,4.5,4.45,4.71,4.56,4.46,4.6,4.53,4.53,4.58,4.47,4.75,4.67,4.52,4.43,4.76,4.83,4.41,4.52,4.54,4.54,4.85,4.53,4.57,4.49,4.65,4.66,4.62,4.73,4.71,4.52,4.51,4.72,4.37,4.63,4.64,4.78,4.68,4.68,4.42,4.52,4.57,4.5,4.53,4.71,4.59,4.34,4.64,4.52,4.51,4.61,4.49,4.68,4.48,4.47,4.45,4.63,4.39,4.76,4.43,4.55,4.55,4.57,4.29,4.44,4.39,4.43,4.39,4.54,4.35,4.71,4.55,4.55,4.62,4.61,4.6,4.55,4.91,4.6,4.53,4.5,4.52,4.6,4.73,4.73,4.6,4.71,4.49,4.74,4.6,4.71,4.34,4.64,4.44,4.47,4.63
SRR7958128_0_D_Post,4.27,4.75,4.09,4.45,4.62,4.42,4.59,4.28,4.3,4.09,4.59,4.25,4.5,4.38,4.35,4.43,4.74,4.43,4.49,4.72,4.84,4.71,5.19,4.74,4.86,4.84,4.76,4.84,4.65,4.79,4.83,4.8,4.72,4.83,4.69,4.8,4.65,4.62,4.73,4.53,4.78,4.65,4.7,4.67,4.68,4.87,4.45,4.44,4.75,4.83,4.78,4.75,4.49,4.73,4.7,4.46,4.69,4.83,4.66,4.59,4.63,4.76,4.64,4.61,4.7,4.86,4.64,4.55,4.58,4.7,4.67,4.76,4.81,4.76,4.84,4.59,4.7,4.55,4.72,4.63,4.69,4.65,4.71,4.49,4.69,4.81,4.8,4.72,4.69,4.71,4.74,4.71,4.44,4.62,4.75,4.66,4.7,4.66,4.6,4.75,4.87,4.64,4.68,4.87,4.68,4.73,4.79,4.77,4.71,4.75,4.66,4.72,4.64,4.79,4.82,4.82,4.76,4.65,4.77,4.74,4.65,4.79,4.78,4.66,4.68
SRR7958127_0_D_Post,4.02,4.54,4.29,4.6,4.51,4.39,4.54,4.2,4.4,4.34,4.51,4.15,4.36,4.35,4.23,4.4,4.51,4.49,4.57,4.63,4.85,4.62,4.66,4.55,4.87,4.8,4.65,4.75,4.72,4.56,4.64,4.51,4.78,4.65,4.53,4.72,4.55,4.43,4.62,4.55,4.68,4.64,4.63,4.77,4.7,4.65,4.4,4.57,4.63,4.58,4.57,4.56,4.4,4.63,4.69,4.52,4.53,4.75,4.6,4.42,4.5,4.76,4.74,4.57,4.8,4.76,4.67,4.64,4.61,4.7,4.51,4.81,4.5,4.65,4.75,4.6,4.76,4.69,4.57,4.57,4.57,4.67,4.61,4.52,4.65,4.66,4.52,4.65,4.52,4.55,4.68,4.67,4.51,4.56,4.51,4.43,4.54,4.71,4.49,4.63,4.56,4.53,4.63,4.73,4.68,4.48,4.78,4.6,4.52,4.58,4.72,4.66,4.74,4.57,4.79,4.8,4.59,4.65,4.82,4.78,4.71,4.7,4.48,4.55,4.62
SRR7958126_15_D_Post,4.28,4.82,4.1,4.47,4.79,4.44,4.76,4.15,4.46,4.36,4.67,3.78,4.63,4.43,4.4,3.64,4.6,4.5,4.55,4.63,4.34,4.81,4.98,4.56,4.84,4.78,4.71,4.77,4.78,4.52,4.76,4.62,4.61,4.62,4.65,4.73,4.83,4.57,4.67,4.51,4.6,4.6,4.66,4.42,4.61,4.82,4.49,4.5,4.78,4.79,4.63,4.59,4.44,4.84,4.64,4.62,4.75,4.76,4.74,4.5,4.53,4.68,4.77,4.56,4.6,4.8,4.77,4.53,4.58,4.58,4.69,4.64,4.61,4.74,4.55,4.53,4.66,4.53,4.48,4.54,4.76,4.69,4.66,4.64,4.59,5.05,4.54,4.8,4.69,4.7,4.8,4.67,4.57,4.73,4.64,4.36,4.72,4.53,4.61,4.82,4.7,4.51,4.79,4.74,4.64,4.69,4.68,4.66,4.53,4.59,4.62,4.93,4.9,4.76,4.83,4.6,4.56,4.61,4.69,4.43,4.5,4.46,4.47,4.4,4.63
SRR7958125_15_D_Post,4.21,4.27,4.41,4.54,4.28,4.57,4.18,4.41,4.43,4.17,4.66,4.42,4.33,4.74,4.51,4.6,4.03,4.03,4.45,4.51,4.61,4.44,4.52,4.36,4.56,4.46,4.58,4.53,4.52,4.55,4.4,4.52,4.6,4.59,4.27,4.48,4.44,4.29,4.54,4.25,4.6,4.62,4.59,4.55,4.48,4.62,4.2,4.47,4.44,4.66,4.52,4.42,4.37,4.42,4.52,4.41,4.51,4.53,4.51,4.28,4.29,4.5,4.29,4.42,4.65,4.68,4.44,4.57,4.32,4.68,4.44,4.45,4.43,4.43,4.44,4.44,4.46,4.36,4.36,4.56,4.36,4.51,4.22,4.32,4.36,4.59,4.37,4.5,4.35,4.45,4.51,4.43,4.4,4.39,4.29,4.29,4.35,4.32,4.47,4.5,4.43,4.36,4.42,4.49,4.51,4.25,4.67,4.37,4.33,4.29,4.61,4.52,4.28,4.45,4.77,4.74,4.58,4.48,4.41,4.68,4.51,4.44,4.52,4.29,4.61
SRR7958124_15_D_Post,4.03,4.49,4.17,4.32,4.51,4.37,4.55,4.27,4.23,4.23,4.58,4.22,4.4,4.43,4.49,4.5,4.03,3.89,4.22,4.53,4.49,4.74,4.67,4.67,4.76,4.69,4.79,4.64,4.73,4.64,4.58,4.51,4.74,4.68,4.43,4.69,4.59,4.6,4.65,4.46,4.61,4.5,4.55,4.64,4.6,4.65,4.33,4.41,4.69,4.76,4.61,4.4,4.38,4.54,4.6,4.57,4.53,4.87,4.53,4.47,4.56,4.58,4.47,4.48,4.8,4.71,4.49,4.73,4.39,4.67,4.57,4.63,4.57,4.64,4.54,4.51,4.6,4.44,4.5,4.64,4.47,4.42,4.35,4.35,4.57,4.87,4.55,4.69,4.41,4.64,4.64,4.55,4.61,4.47,4.55,4.47,4.61,4.56,4.45,4.63,4.73,4.41,4.64,4.71,4.62,4.42,4.82,4.56,4.4,4.44,4.57,4.63,4.65,4.68,4.69,4.66,4.45,4.74,4.6,4.54,4.63,4.63,4.43,4.6,4.58
SRR7958123_15_D_Post,4.19,4.71,4.24,4.53,4.49,4.33,4.69,4.27,4.31,4.35,4.74,4.22,4.67,4.49,4.57,4.55,4.45,4.22,4.18,4.7,4.71,4.79,4.72,4.65,4.83,4.73,4.86,4.7,4.57,4.82,4.81,4.58,4.8,4.71,4.69,4.71,4.74,4.7,4.73,4.51,4.83,4.67,4.8,4.97,4.73,4.8,4.39,4.63,4.81,4.83,4.83,4.67,4.66,4.88,4.73,4.74,4.68,4.91,4.84,4.53,4.65,4.65,4.75,4.57,4.68,5.09,4.76,4.65,4.47,4.73,4.82,4.8,4.69,4.85,4.64,4.73,4.72,4.61,4.73,4.72,4.82,4.86,4.59,4.49,4.67,4.91,4.79,4.8,4.68,4.61,4.77,4.94,4.68,4.95,4.78,4.54,4.63,4.69,4.59,4.85,4.71,4.74,4.7,4.76,4.66,4.51,4.86,4.7,4.63,4.7,4.73,4.82,4.76,4.9,4.78,4.57,4.7,4.89,4.79,4.69,4.61,4.76,4.64,4.73,4.74
SRR7958122_2_Y_Post,4.46,4.83,4.4,4.73,4.91,4.71,4.72,4.34,4.65,4.32,4.59,4.21,4.74,4.72,4.63,4.63,4.51,4.53,4.7,3.93,4.22,4.22,4.93,4.39,4.82,4.55,4.45,4.35,4.04,4.82,4.53,4.51,4.75,4.72,4.54,4.71,4.59,4.45,4.5,4.57,4.71,4.52,4.56,4.58,4.57,4.74,4.35,4.82,4.55,4.73,4.71,4.56,4.53,4.53,4.66,4.53,4.61,4.75,4.55,4.39,4.55,4.81,4.72,4.62,4.63,4.94,4.66,4.72,4.48,4.66,4.71,4.74,4.64,4.65,4.61,4.78,4.59,4.34,4.48,4.55,4.72,4.89,4.74,4.26,4.14,4.65,4.6,4.71,4.48,4.5,4.61,4.91,4.45,4.72,4.58,4.63,4.69,4.59,4.54,4.92,4.51,4.58,4.77,4.66,4.6,4.44,5.0,4.64,4.25,4.4,4.42,4.52,4.31,4.88,4.74,4.6,4.77,4.98,4.83,4.64,4.43,4.6,4.52,4.4,4.53
SRR7958121_2_Y_Post,4.48,4.95,4.42,4.74,4.84,4.66,4.75,4.39,4.52,4.53,4.55,4.17,4.62,4.84,4.85,4.34,4.61,4.49,4.71,4.22,3.78,4.65,5.08,4.5,4.9,4.37,4.18,4.37,4.4,4.71,4.65,4.65,4.77,4.74,4.62,4.88,4.87,4.51,4.73,4.6,4.7,4.49,4.6,4.62,4.5,4.62,4.56,4.71,4.78,4.83,4.78,4.81,4.3,4.71,4.67,4.45,4.46,4.91,4.72,4.55,4.62,4.76,4.73,4.67,4.59,4.76,4.69,4.51,4.53,4.69,4.7,4.57,4.66,4.85,4.79,4.74,4.71,4.47,4.56,4.6,4.56,4.8,4.78,4.28,4.49,4.77,4.7,4.81,4.62,4.71,4.73,4.88,4.64,4.79,4.73,4.48,4.75,4.61,4.72,4.75,4.88,4.58,4.68,4.65,4.77,4.35,4.63,4.44,4.43,4.54,4.5,4.86,4.67,4.91,4.53,4.59,4.58,4.88,4.79,4.66,4.57,4.63,4.61,4.45,4.52
SRR7958120_7_D_Pre,4.36,4.82,4.47,4.8,4.62,4.6,4.61,4.28,4.4,4.4,4.45,4.31,4.42,4.71,4.62,4.81,4.44,4.74,4.79,4.22,4.65,3.97,4.74,4.6,4.58,4.44,4.02,4.43,4.21,4.68,4.36,4.59,4.39,4.29,4.44,4.57,4.55,4.59,4.58,4.48,4.52,4.54,4.61,4.53,4.54,4.73,4.49,4.75,4.61,4.62,4.69,4.6,4.38,4.39,4.52,4.34,4.4,4.66,4.8,4.49,4.49,4.65,4.43,4.41,4.55,4.82,4.49,4.73,4.54,4.65,4.52,4.57,4.62,4.53,4.58,4.46,4.55,3.87,4.18,4.5,4.28,4.57,4.37,4.25,4.0,4.39,4.51,4.68,4.38,4.24,4.44,4.45,4.27,4.39,4.33,4.33,4.46,4.46,4.57,4.54,4.48,4.31,4.62,4.52,4.6,4.14,4.66,4.33,3.94,4.11,4.32,4.15,4.22,4.5,4.25,4.7,4.57,4.51,4.66,4.65,4.37,4.64,4.53,4.39,4.65
SRR7958119_2_Y_Post,4.81,5.02,4.53,5.03,5.08,4.89,4.83,4.72,4.76,4.65,4.85,4.6,4.78,5.19,4.66,4.98,4.52,4.67,4.72,4.93,5.08,4.74,2.47,4.33,3.5,4.34,4.51,4.18,4.37,4.33,4.25,4.32,4.59,4.62,4.08,4.54,4.07,4.39,4.55,4.28,4.45,4.54,4.44,4.67,4.21,4.36,4.27,4.23,4.34,4.31,4.35,4.31,4.32,4.25,4.35,4.02,4.39,4.66,4.58,4.19,3.99,4.34,4.07,4.04,4.63,4.53,4.23,4.37,4.19,4.37,4.34,4.32,4.28,4.09,4.37,4.25,4.56,4.32,4.25,4.84,4.29,4.43,3.81,4.18,4.08,4.55,4.12,3.96,3.9,4.32,4.13,4.13,4.32,4.1,4.19,3.97,3.85,4.49,4.39,4.3,4.32,4.27,4.32,4.32,4.36,3.62,4.18,3.83,3.88,3.84,4.34,4.09,3.93,4.22,4.33,4.38,4.36,4.45,4.45,4.76,4.34,4.52,4.24,4.37,4.63
SRR7958118_15_D_Post,4.43,4.72,4.41,4.49,4.76,4.53,4.57,4.33,4.51,4.4,4.52,4.22,4.63,4.74,4.55,4.56,4.36,4.67,4.65,4.39,4.5,4.6,4.33,3.83,4.69,4.49,4.58,4.54,4.44,4.53,4.28,4.47,4.45,4.46,4.48,4.67,4.5,4.41,4.42,4.16,4.56,4.3,4.57,4.49,4.35,4.59,4.47,4.56,4.54,4.69,4.76,4.53,4.39,4.41,4.6,4.24,4.45,4.64,4.4,4.49,4.43,4.42,4.38,4.37,4.39,4.78,4.47,4.51,4.2,4.44,4.54,4.53,4.5,4.54,4.47,4.5,4.6,4.33,4.43,4.46,4.6,4.61,4.56,4.28,4.45,4.54,4.5,4.56,4.47,4.46,4.65,4.6,4.35,4.58,4.39,4.36,4.49,4.48,4.44,4.64,4.47,4.44,4.51,4.68,4.46,4.49,4.7,4.3,4.37,4.45,4.57,4.56,4.48,4.65,4.64,4.5,4.57,4.66,4.59,4.58,4.35,4.48,4.44,4.43,4.36
SRR7958117_15_D_Post,4.58,4.96,4.69,4.96,4.63,4.74,4.92,4.51,4.77,4.63,4.76,4.38,4.66,4.86,4.87,4.84,4.56,4.76,4.83,4.82,4.9,4.58,3.5,4.69,3.32,4.44,4.16,4.02,4.41,4.25,4.07,4.25,4.47,4.27,4.08,4.25,4.12,4.35,4.48,4.09,4.25,4.36,4.33,4.57,4.2,4.55,4.16,4.16,4.25,4.34,4.34,4.29,4.31,4.18,4.18,3.84,4.12,4.41,4.45,4.15,3.95,4.08,3.84,4.01,4.23,4.41,4.25,4.4,4.16,4.24,4.38,4.31,4.28,4.11,4.13,3.92,4.47,4.01,4.16,4.6,4.12,4.14,3.67,3.88,3.96,4.42,4.17,4.02,3.94,4.1,3.95,4.07,3.99,4.01,4.03,3.82,3.84,4.48,4.13,4.22,4.16,4.18,4.0,4.38,4.23,3.7,4.08,3.61,3.86,3.8,4.28,4.12,3.86,4.18,4.36,4.32,4.33,4.23,4.22,4.41,4.16,4.33,4.21,4.13,4.42
SRR7958116_7_D_Post,4.44,4.75,4.42,4.85,4.87,4.77,4.59,4.46,4.6,4.56,4.6,4.5,4.55,4.84,4.8,4.78,4.46,4.69,4.73,4.55,4.37,4.44,4.34,4.49,4.44,3.83,4.4,4.29,4.33,4.51,4.42,4.36,4.59,4.59,4.45,4.52,4.58,4.45,4.48,4.41,4.51,4.68,4.5,4.55,4.51,4.72,4.25,4.53,4.46,4.56,4.74,4.52,4.48,4.34,4.53,4.6,4.54,4.75,4.56,4.56,4.34,4.59,4.44,4.47,4.72,4.69,4.67,4.61,4.49,4.61,4.44,4.65,4.39,4.55,4.39,4.53,4.62,3.76,4.28,4.7,4.54,4.52,4.3,4.19,4.39,4.44,4.44,4.66,4.46,4.35,4.37,4.48,4.3,4.45,4.28,4.47,4.34,4.51,4.53,4.55,4.62,4.52,4.52,4.45,4.61,4.01,4.7,4.41,4.22,4.05,4.55,4.23,4.3,4.44,4.17,4.72,4.64,4.6,4.59,4.71,4.41,4.52,4.42,4.51,4.66
SRR7958115_7_D_Post,4.52,4.87,4.62,4.73,4.79,4.6,4.65,4.42,4.53,4.53,4.52,4.4,4.67,4.76,4.65,4.71,4.58,4.79,4.86,4.45,4.18,4.02,4.51,4.58,4.16,4.4,3.99,4.06,4.03,4.47,4.51,4.42,4.46,4.52,4.4,4.53,4.45,4.49,4.45,4.34,4.5,4.62,4.64,4.57,4.54,4.65,4.39,4.58,4.58,4.41,4.62,4.41,4.35,4.33,4.5,4.22,4.28,4.55,4.52,4.34,4.39,4.48,4.41,4.35,4.59,4.51,4.25,4.6,4.36,4.56,4.58,4.51,4.45,4.28,4.3,4.35,4.56,3.88,4.16,4.57,4.14,4.28,4.42,3.91,4.02,4.34,4.43,4.48,4.27,4.43,4.48,4.45,4.25,4.3,4.32,4.45,4.46,4.43,4.44,4.39,4.42,4.3,4.31,4.57,4.49,4.32,4.2,4.3,3.98,3.92,4.16,4.11,4.28,4.18,4.39,4.66,4.44,4.54,4.43,4.6,4.42,4.57,4.34,4.49,4.42
SRR7958114_7_D_Post,4.41,4.85,4.51,4.68,4.64,4.74,4.7,4.52,4.61,4.58,4.6,4.45,4.54,4.84,4.75,4.77,4.53,4.64,4.7,4.35,4.37,4.43,4.18,4.54,4.02,4.29,4.06,4.06,4.02,4.57,4.42,4.56,4.7,4.6,4.46,4.63,4.65,4.31,4.5,4.62,4.65,4.6,4.54,4.63,4.59,4.76,4.53,4.8,4.51,4.49,4.72,4.72,4.55,4.44,4.57,4.59,4.49,4.72,4.86,4.56,4.57,4.63,4.38,4.62,4.88,4.66,4.61,4.85,4.43,4.58,4.61,4.61,4.39,4.65,4.7,4.52,4.48,4.31,4.31,4.67,4.28,4.57,4.44,4.17,4.08,4.42,4.41,4.64,4.52,4.5,4.52,4.49,4.38,4.48,4.54,4.56,4.77,4.49,4.67,4.48,4.58,4.59,4.69,4.57,4.77,4.32,4.61,4.3,4.17,4.36,4.31,3.94,4.22,4.7,4.2,4.56,4.74,4.61,4.71,4.67,4.43,4.58,4.63,4.48,4.49
SRR7958113_7_D_Pre,4.49,4.79,4.44,4.53,4.83,4.58,4.54,4.45,4.56,4.4,4.48,4.49,4.67,4.65,4.72,4.78,4.52,4.73,4.57,4.04,4.4,4.21,4.37,4.44,4.41,4.33,4.03,4.02,4.08,4.65,4.59,4.31,4.42,4.62,4.56,4.65,4.52,4.45,4.4,4.47,4.66,4.66,4.52,4.43,4.56,4.67,4.46,4.59,4.75,4.69,4.55,4.65,4.43,4.49,4.61,4.31,4.34,4.7,4.53,4.44,4.48,4.52,4.52,4.43,4.58,4.7,4.55,4.42,4.46,4.63,4.52,4.51,4.61,4.66,4.48,4.39,4.58,4.18,4.33,4.44,4.32,4.4,4.6,3.92,4.21,4.6,4.52,4.5,4.46,4.46,4.53,4.6,4.35,4.43,4.48,4.46,4.55,4.41,4.4,4.51,4.57,4.43,4.5,4.54,4.5,4.25,4.49,4.37,4.02,4.46,4.47,4.38,4.07,4.28,4.1,4.64,4.63,4.54,4.59,4.56,4.47,4.52,4.61,4.28,4.55
SRR7958112_45_D_Post,4.49,4.7,4.51,4.75,4.83,4.52,4.6,4.57,4.49,4.68,4.48,4.33,4.69,4.79,4.56,4.52,4.55,4.64,4.82,4.82,4.71,4.68,4.33,4.53,4.25,4.51,4.47,4.57,4.65,4.13,4.41,4.31,4.43,4.27,4.32,4.04,4.53,4.24,4.04,4.48,4.3,4.33,4.47,4.23,4.28,4.31,4.61,4.63,4.43,4.15,4.67,4.58,4.62,4.69,4.44,4.65,4.56,4.69,4.75,4.5,4.48,4.54,4.62,4.58,4.56,4.74,4.69,4.64,4.51,3.87,4.25,4.29,4.46,4.72,4.46,4.45,4.58,4.61,4.55,4.72,4.65,4.6,4.55,4.55,4.65,4.77,4.54,4.6,4.47,4.63,4.53,4.62,4.42,4.57,4.48,4.46,4.5,4.61,4.64,4.74,4.66,4.4,4.8,4.69,4.71,4.52,4.64,4.48,4.3,4.46,4.74,4.63,4.68,4.72,4.6,4.78,4.58,4.69,4.7,4.67,4.62,4.66,4.51,4.43,4.64
SRR7958111_45_D_Post,4.45,4.63,4.53,4.65,4.8,4.56,4.58,4.47,4.54,4.5,4.45,4.43,4.5,4.83,4.64,4.76,4.4,4.58,4.81,4.53,4.65,4.36,4.25,4.28,4.07,4.42,4.51,4.42,4.59,4.41,4.13,4.38,4.33,4.45,4.41,4.28,4.34,4.38,4.28,4.58,4.55,4.43,4.34,4.5,4.42,4.43,4.6,4.56,4.47,4.45,4.74,4.57,4.39,4.55,4.69,4.61,4.48,4.72,4.54,4.57,4.66,4.68,4.42,4.59,4.69,4.76,4.59,4.82,4.58,4.3,4.53,4.36,4.66,4.57,4.68,4.43,4.68,4.49,4.41,4.69,4.51,4.6,4.62,4.5,4.74,4.56,4.29,4.59,4.58,4.6,4.61,4.56,4.63,4.59,4.54,4.4,4.43,4.58,4.55,4.66,4.6,4.4,4.5,4.55,4.55,4.63,4.49,4.89,4.71,4.52,4.56,4.41,4.4,4.55,4.58,4.83,4.56,4.49,4.55,4.63,4.57,4.58,4.55,4.56,4.69
SRR7958110_7_D_Post,4.24,4.62,4.36,4.54,4.63,4.56,4.51,4.28,4.22,4.24,4.49,4.23,4.45,4.8,4.51,4.62,4.52,4.51,4.58,4.51,4.65,4.59,4.32,4.47,4.25,4.36,4.42,4.56,4.31,4.31,4.38,4.2,4.6,4.37,4.04,4.18,4.07,3.84,3.86,4.28,4.21,4.38,4.16,3.92,4.38,4.23,4.48,4.39,4.03,4.17,4.49,4.35,4.21,4.35,4.39,4.37,4.34,4.45,4.47,4.26,4.3,4.44,4.31,4.26,4.47,4.55,4.34,4.46,4.34,3.95,4.18,4.19,4.51,4.35,4.35,4.21,4.36,4.26,4.36,4.28,4.42,4.47,4.35,4.19,4.34,4.43,4.28,4.37,4.19,4.23,4.39,4.47,4.19,4.38,4.24,4.34,4.23,4.28,4.23,4.34,4.31,4.27,4.34,4.34,4.44,4.29,4.6,4.44,4.24,4.21,4.41,4.27,4.45,4.48,4.45,4.38,4.44,4.52,4.43,4.42,4.22,4.44,4.17,4.38,4.41
SRR7958109_7_D_Post,4.64,4.89,4.33,4.67,4.8,4.7,4.64,4.34,4.46,4.56,4.66,4.59,4.71,4.72,4.78,4.61,4.6,4.74,4.8,4.75,4.77,4.39,4.59,4.45,4.47,4.59,4.46,4.7,4.42,4.43,4.33,4.6,3.92,4.22,4.45,4.41,4.58,4.42,4.27,4.52,4.54,4.3,4.56,4.57,4.45,4.72,4.51,4.65,4.67,4.72,4.65,4.58,4.52,4.55,4.58,4.47,4.48,4.61,4.65,4.56,4.62,4.52,4.5,4.45,4.7,4.69,4.73,4.57,4.51,4.17,4.27,4.5,4.6,4.79,4.45,4.51,4.56,4.51,4.55,4.59,4.56,4.37,4.49,4.51,4.68,4.6,4.49,4.65,4.53,4.65,4.65,4.67,4.4,4.53,4.52,4.41,4.6,4.52,4.54,4.49,4.62,4.28,4.57,4.68,4.59,4.48,4.74,4.62,4.35,4.53,4.57,4.56,4.51,4.46,4.57,4.8,4.65,4.65,4.67,4.69,4.51,4.42,4.56,4.46,4.63
SRR7958108_45_D_Post,4.41,4.8,4.57,4.69,4.61,4.62,4.72,4.44,4.55,4.71,4.62,4.47,4.56,4.83,4.65,4.62,4.59,4.68,4.71,4.72,4.74,4.29,4.62,4.46,4.27,4.59,4.52,4.6,4.62,4.27,4.45,4.37,4.22,4.47,4.33,4.35,4.6,4.41,4.42,4.48,4.32,4.32,4.3,4.65,4.09,4.54,4.58,4.7,4.59,4.55,4.67,4.52,4.27,4.59,4.59,4.35,4.51,4.61,4.65,4.44,4.45,4.46,4.46,4.55,4.64,4.75,4.64,4.64,4.42,4.46,4.42,4.62,4.52,4.73,4.4,4.55,4.65,4.4,4.32,4.52,4.58,4.54,4.53,4.55,4.61,4.5,4.59,4.5,4.4,4.43,4.51,4.62,4.31,4.58,4.46,4.45,4.4,4.54,4.56,4.62,4.51,4.4,4.55,4.6,4.57,4.44,4.54,4.57,4.54,4.59,4.38,4.61,4.51,4.56,4.66,4.7,4.5,4.55,4.64,4.59,4.47,4.45,4.43,4.46,4.66
SRR7958107_15_D_Post,4.25,4.66,4.34,4.65,4.61,4.59,4.5,4.37,4.49,4.5,4.56,4.28,4.46,4.69,4.53,4.65,4.27,4.43,4.69,4.54,4.62,4.44,4.08,4.48,4.08,4.45,4.4,4.46,4.56,4.32,4.41,4.04,4.45,4.33,4.2,4.12,4.25,4.38,4.12,4.49,4.29,4.26,4.12,4.01,4.3,4.34,4.49,4.46,3.89,4.07,4.47,4.44,4.45,4.55,4.5,4.44,4.36,4.56,4.4,4.43,4.46,4.39,4.41,4.52,4.64,4.59,4.44,4.55,4.62,4.17,4.03,4.14,4.45,4.48,4.61,4.44,4.36,4.29,4.35,4.47,4.4,4.45,4.44,4.31,4.34,4.55,4.39,4.45,4.25,4.4,4.47,4.49,4.47,4.63,4.27,4.4,4.37,4.49,4.36,4.54,4.49,4.44,4.53,4.56,4.49,4.56,4.57,4.43,4.31,4.47,4.36,4.36,4.47,4.66,4.62,4.54,4.5,4.63,4.58,4.42,4.59,4.48,4.45,4.38,4.43
SRR7958106_45_D_Post,4.45,4.75,4.55,4.76,4.69,4.71,4.7,4.63,4.6,4.57,4.8,4.54,4.6,4.8,4.72,4.73,4.48,4.69,4.71,4.71,4.88,4.57,4.54,4.67,4.25,4.52,4.53,4.63,4.65,4.04,4.28,4.18,4.41,4.35,4.12,4.28,4.45,4.39,4.38,4.67,4.13,4.55,4.51,4.54,4.52,4.51,4.69,5.0,4.66,4.44,4.84,4.79,4.6,4.62,4.58,4.69,4.73,4.85,4.88,4.76,4.63,4.62,4.5,4.77,4.81,5.03,4.65,4.99,4.69,4.31,4.23,4.45,4.64,4.89,4.76,4.48,4.59,4.52,4.64,4.61,4.74,4.88,4.56,4.66,4.66,4.72,4.66,4.7,4.61,4.75,4.66,4.67,4.5,4.76,4.69,4.64,4.63,4.69,4.69,4.79,4.61,4.55,4.67,4.68,4.83,4.61,4.88,4.84,4.53,4.59,4.62,4.61,4.8,4.95,4.84,4.76,4.68,4.9,4.82,4.73,4.68,4.57,4.65,4.52,4.81
SRR7958105_45_D_Post,4.35,4.51,4.57,4.62,4.71,4.55,4.49,4.4,4.68,4.57,4.42,4.44,4.53,4.65,4.55,4.83,4.44,4.59,4.74,4.59,4.87,4.55,4.07,4.5,4.12,4.58,4.45,4.65,4.52,4.53,4.34,4.07,4.58,4.6,4.25,4.45,4.17,4.03,4.09,4.48,4.5,4.53,4.34,4.25,4.6,4.2,4.52,4.36,4.29,4.22,4.45,4.27,4.37,4.56,4.45,4.42,4.38,4.53,4.52,4.39,4.28,4.47,4.43,4.43,4.74,4.66,4.37,4.62,4.44,4.27,4.26,4.19,4.39,4.3,4.43,4.29,4.36,4.31,4.57,4.54,4.48,4.48,4.41,4.35,4.46,4.45,4.17,4.48,4.46,4.33,4.38,4.4,4.38,4.3,4.41,4.28,4.38,4.46,4.41,4.48,4.52,4.29,4.4,4.59,4.45,4.38,4.55,4.59,4.42,4.36,4.58,4.34,4.46,4.56,4.55,4.53,4.41,4.42,4.43,4.6,4.43,4.51,4.41,4.5,4.55
SRR7958104_7_D_Post,4.28,4.65,4.32,4.61,4.66,4.55,4.45,4.18,4.39,4.56,4.4,4.27,4.53,4.62,4.43,4.57,4.29,4.6,4.7,4.45,4.51,4.59,4.39,4.41,4.35,4.45,4.49,4.31,4.45,4.24,4.38,3.84,4.42,4.41,4.38,4.39,4.03,4.0,4.26,4.47,4.24,4.52,4.26,3.98,4.43,4.33,4.62,4.66,4.25,4.16,4.75,4.55,4.5,4.54,4.63,4.59,4.58,4.64,4.55,4.42,4.5,4.58,4.55,4.53,4.59,4.77,4.47,4.73,4.45,4.18,4.14,4.33,4.52,4.61,4.6,4.46,4.5,4.37,4.49,4.5,4.59,4.63,4.54,4.46,4.4,4.45,4.32,4.56,4.39,4.43,4.39,4.55,4.47,4.49,4.53,4.38,4.45,4.49,4.47,4.68,4.46,4.42,4.62,4.54,4.63,4.49,4.75,4.5,4.46,4.58,4.55,4.5,4.69,4.6,4.55,4.67,4.69,4.83,4.69,4.58,4.46,4.33,4.52,4.39,4.61
SRR7958103_7_D_Post,4.5,4.76,4.52,4.66,4.84,4.55,4.65,4.39,4.49,4.58,4.51,4.41,4.58,4.73,4.62,4.67,4.54,4.65,4.73,4.5,4.73,4.58,4.55,4.42,4.48,4.48,4.45,4.5,4.4,4.04,4.28,3.86,4.27,4.42,4.12,4.38,4.09,4.26,3.99,4.45,4.25,4.49,4.21,3.9,4.35,4.46,4.51,4.46,4.38,4.27,4.53,4.37,4.29,4.51,4.55,4.51,4.43,4.48,4.52,4.34,4.35,4.54,4.63,4.46,4.7,4.71,4.6,4.59,4.49,4.1,4.19,4.27,4.42,4.51,4.46,4.34,4.37,4.27,4.41,4.39,4.53,4.47,4.38,4.33,4.61,4.46,4.44,4.56,4.38,4.37,4.53,4.66,4.38,4.7,4.48,4.4,4.54,4.42,4.35,4.59,4.48,4.36,4.57,4.55,4.48,4.34,4.58,4.52,4.36,4.44,4.49,4.41,4.58,4.48,4.53,4.55,4.54,4.48,4.56,4.34,4.47,4.38,4.35,4.45,4.54
SRR7958102_45_D_Post,4.46,4.76,4.45,4.39,4.69,4.46,4.51,4.37,4.31,4.37,4.62,4.21,4.47,4.53,4.55,4.51,4.25,4.46,4.51,4.57,4.6,4.48,4.28,4.16,4.09,4.41,4.34,4.62,4.47,4.48,4.58,4.28,4.52,4.48,4.49,4.67,4.48,4.47,4.45,4.62,4.94,4.75,4.58,4.76,4.78,4.71,4.63,4.71,4.72,4.6,4.75,4.41,4.56,4.58,4.71,4.64,4.68,4.65,4.64,4.33,4.49,4.53,4.61,4.18,4.52,4.38,4.36,4.23,4.38,4.53,4.58,4.58,4.4,4.77,4.71,4.6,4.59,4.55,4.57,4.61,4.58,4.61,4.57,4.63,4.75,4.7,4.56,4.63,4.65,4.7,4.68,4.71,4.6,4.57,4.64,4.52,4.63,4.68,4.73,4.74,4.84,4.55,4.7,4.87,4.74,4.64,4.68,4.69,4.68,4.6,4.69,4.76,4.64,4.62,4.8,4.69,4.65,4.2,4.46,4.62,4.72,4.7,4.6,4.66,4.8
SRR7958101_0_D_Post,4.43,4.82,4.54,4.77,4.69,4.53,4.73,4.36,4.61,4.58,4.7,4.4,4.75,4.78,4.68,4.6,4.6,4.61,4.83,4.71,4.7,4.52,4.45,4.56,4.25,4.51,4.5,4.65,4.66,4.3,4.55,4.21,4.54,4.32,4.29,4.13,4.5,4.24,4.25,4.94,3.95,4.43,4.34,4.09,4.4,4.6,4.54,4.65,4.15,4.19,4.55,4.65,4.58,4.59,4.54,4.45,4.62,4.65,4.7,4.59,4.49,4.56,4.5,4.48,4.55,4.73,4.51,4.69,4.4,4.37,4.51,4.24,4.56,4.5,4.53,4.51,4.58,4.37,4.6,4.61,4.67,4.65,4.43,4.43,4.56,4.48,4.53,4.59,4.51,4.45,4.5,4.6,4.38,4.56,4.39,4.25,4.51,4.58,4.67,4.7,4.49,4.42,4.58,4.69,4.56,4.44,4.76,4.64,4.45,4.34,4.54,4.5,4.63,4.74,4.76,4.76,4.7,4.68,4.72,4.51,4.43,4.62,4.51,4.46,4.64
SRR7958100_15_D_Post,4.35,4.72,4.34,4.7,4.74,4.61,4.74,4.51,4.51,4.54,4.64,4.28,4.67,4.65,4.64,4.6,4.62,4.5,4.67,4.52,4.49,4.54,4.54,4.3,4.36,4.68,4.62,4.6,4.66,4.33,4.43,4.38,4.3,4.32,4.26,4.55,4.53,4.52,4.49,4.75,4.43,4.6,4.58,4.55,4.4,4.85,4.75,4.98,4.82,4.71,4.84,4.87,4.67,4.79,4.75,4.78,4.73,5.0,4.9,4.68,4.73,4.89,4.79,4.84,4.75,5.15,4.72,4.92,4.84,4.71,4.72,4.63,4.83,4.95,4.81,4.67,4.8,4.78,4.7,4.7,4.58,4.65,4.9,4.62,4.74,4.98,4.85,4.89,4.74,4.79,4.82,5.08,4.79,4.82,4.8,4.89,4.89,4.75,4.68,4.78,4.75,4.78,4.84,4.94,4.79,4.77,4.89,4.91,4.73,4.83,4.74,4.87,4.81,4.85,4.88,4.78,4.76,4.94,4.83,4.74,4.81,4.72,4.85,4.55,4.85
SRR7958099_0_D_Post,4.53,4.69,4.33,4.62,4.67,4.7,4.66,4.56,4.54,4.59,4.63,4.38,4.52,4.7,4.63,4.66,4.59,4.55,4.8,4.56,4.6,4.61,4.44,4.57,4.33,4.5,4.64,4.54,4.52,4.47,4.34,4.16,4.56,4.3,4.12,4.51,4.34,4.26,4.21,4.58,4.34,4.58,3.74,4.32,4.14,4.55,4.64,4.63,4.34,4.08,4.7,4.72,4.56,4.71,4.56,4.75,4.59,4.73,4.73,4.43,4.41,4.53,4.63,4.57,4.68,4.77,4.57,4.68,4.71,4.22,4.39,4.1,4.66,4.77,4.69,4.56,4.59,4.55,4.49,4.67,4.57,4.67,4.58,4.51,4.67,4.79,4.49,4.52,4.49,4.57,4.58,4.73,4.53,4.65,4.46,4.52,4.57,4.66,4.42,4.62,4.68,4.51,4.75,4.53,4.63,4.58,4.73,4.58,4.71,4.69,4.54,4.64,4.73,4.78,4.81,4.72,4.84,4.6,4.73,4.6,4.59,4.51,4.63,4.61,4.71
SRR7958098_0_D_Post,4.37,4.72,4.5,4.65,4.82,4.6,4.63,4.35,4.4,4.53,4.66,4.39,4.43,4.67,4.77,4.42,4.55,4.64,4.97,4.58,4.62,4.53,4.67,4.49,4.57,4.55,4.57,4.63,4.43,4.23,4.5,3.92,4.57,4.65,4.01,4.54,4.25,3.98,3.9,4.76,4.09,4.55,4.32,4.22,4.29,4.47,4.5,4.52,4.36,3.91,4.6,4.62,4.45,4.61,4.6,4.68,4.46,4.82,4.64,4.44,4.48,4.65,4.6,4.56,4.68,4.72,4.52,4.76,4.48,4.09,4.1,4.28,4.37,4.75,4.57,4.52,4.53,4.31,4.43,4.51,4.65,4.51,4.54,4.45,4.56,4.54,4.41,4.76,4.57,4.42,4.56,4.53,4.35,4.59,4.57,4.51,4.6,4.4,4.57,4.72,4.56,4.57,4.8,4.62,4.61,4.54,4.67,4.67,4.46,4.45,4.51,4.53,4.55,4.64,4.5,4.71,4.55,4.49,4.7,4.61,4.5,4.55,4.6,4.59,4.71
SRR7958097_0_D_Post,4.45,4.74,4.46,4.68,4.76,4.61,4.7,4.31,4.5,4.37,4.55,4.41,4.76,4.68,4.7,4.61,4.48,4.6,4.73,4.57,4.5,4.54,4.21,4.35,4.2,4.51,4.54,4.59,4.56,4.28,4.42,4.38,4.45,4.09,4.3,4.52,4.6,4.43,4.35,4.78,4.4,4.4,4.14,4.29,4.11,4.45,4.44,4.55,4.47,4.34,4.58,4.52,4.46,4.44,4.65,4.36,4.45,4.59,4.6,4.27,4.43,4.51,4.42,4.34,4.39,4.72,4.46,4.47,4.33,4.31,4.38,4.28,4.51,4.67,4.39,4.54,4.45,4.41,4.37,4.54,4.61,4.62,4.63,4.45,4.48,4.77,4.43,4.5,4.35,4.43,4.51,4.4,4.32,4.3,4.34,4.38,4.4,4.54,4.56,4.62,4.59,4.41,4.5,4.54,4.41,4.31,4.47,4.47,4.47,4.46,4.48,4.46,4.47,4.48,4.58,4.61,4.53,4.67,4.52,4.5,4.38,4.44,4.48,4.36,4.51
SRR7958096_0_D_Post,4.61,4.88,4.69,4.78,4.75,4.6,4.57,4.57,4.73,4.8,4.65,4.48,4.83,4.87,4.65,4.82,4.62,4.65,4.8,4.74,4.62,4.73,4.36,4.59,4.55,4.72,4.65,4.76,4.67,4.31,4.43,4.23,4.72,4.54,4.34,4.51,4.2,4.33,4.46,4.71,4.6,4.85,4.55,4.47,4.45,4.02,4.66,4.63,4.38,4.58,4.73,4.63,4.76,4.76,4.8,4.81,4.64,4.78,4.85,4.65,4.62,4.69,4.7,4.65,4.9,4.78,4.76,4.69,4.59,4.38,4.46,4.34,4.68,4.74,4.58,4.63,4.78,4.73,4.64,4.73,4.84,4.81,4.64,4.7,4.79,4.94,4.55,4.8,4.76,4.61,4.7,4.66,4.76,4.79,4.95,4.5,4.46,4.71,4.66,4.93,4.78,4.55,4.78,4.72,4.73,4.57,4.76,4.8,4.64,4.67,4.81,4.63,4.82,4.93,4.82,4.83,4.57,4.57,4.81,4.69,4.66,4.68,4.73,4.7,4.65
SRR7958095_7_D_Pre,4.31,4.66,4.23,4.47,4.57,4.5,4.25,4.14,4.06,4.1,4.47,4.08,4.41,4.45,4.4,4.49,4.2,4.33,4.39,4.35,4.56,4.49,4.27,4.47,4.16,4.25,4.39,4.53,4.46,4.61,4.6,4.48,4.51,4.58,4.49,4.69,4.52,4.62,4.51,4.63,4.54,4.75,4.64,4.5,4.44,4.66,4.49,4.24,4.64,4.62,4.71,4.64,4.54,4.6,4.57,4.58,4.56,4.8,4.46,4.54,4.61,4.54,4.57,4.47,4.61,4.72,4.69,4.42,4.39,4.57,4.57,4.77,4.5,4.61,4.44,4.54,4.59,4.57,4.47,4.59,4.49,4.52,4.45,4.38,4.58,4.63,4.63,4.65,4.55,4.57,4.76,4.76,4.47,4.72,4.6,4.46,4.65,4.48,4.52,4.59,4.6,4.48,4.57,4.51,4.49,4.43,4.68,4.62,4.5,4.55,4.55,4.7,4.63,4.68,4.7,4.69,4.52,4.67,4.66,4.49,4.51,4.58,4.43,4.45,4.6
SRR7958094_7_D_Pre,4.2,4.74,4.28,4.55,4.68,4.62,4.59,4.29,4.29,4.45,4.73,4.01,4.52,4.44,4.57,4.5,4.47,4.41,4.63,4.82,4.71,4.75,4.23,4.56,4.16,4.53,4.58,4.8,4.59,4.63,4.56,4.39,4.65,4.7,4.46,5.0,4.36,4.66,4.46,4.71,4.65,4.98,4.63,4.52,4.55,4.63,4.24,4.14,4.61,4.61,4.49,4.46,4.36,4.54,4.54,4.39,4.64,4.53,4.4,4.43,4.45,4.5,4.62,4.51,4.71,4.64,4.56,4.3,4.4,4.46,4.53,4.44,4.38,4.68,4.36,4.53,4.47,4.46,4.49,4.51,4.55,4.41,4.42,4.4,4.62,4.55,4.35,4.61,4.55,4.55,4.56,4.63,4.45,4.37,4.49,4.27,4.46,4.34,4.4,4.55,4.6,4.41,4.54,4.62,4.51,4.43,4.53,4.54,4.48,4.51,4.67,4.54,4.39,4.53,4.56,4.74,4.51,4.41,4.67,4.39,4.47,4.41,4.56,4.46,4.48
SRR7958093_15_D_Post,4.44,4.74,4.6,4.56,4.57,4.7,4.62,4.34,4.48,4.63,4.58,4.27,4.54,4.75,4.63,4.78,4.44,4.69,4.81,4.55,4.78,4.61,4.34,4.54,4.25,4.46,4.58,4.51,4.75,4.43,4.47,4.03,4.67,4.59,3.89,4.66,4.29,4.25,4.38,4.72,4.15,4.82,4.34,4.36,4.47,4.38,4.64,4.61,3.88,4.08,4.43,4.3,4.28,4.39,4.45,4.47,4.48,4.54,4.46,4.29,4.25,4.35,4.41,4.31,4.51,4.52,4.47,4.53,4.47,4.37,4.05,4.09,4.44,4.45,4.43,4.34,4.33,4.24,4.4,4.52,4.41,4.62,4.36,4.32,4.24,4.48,4.32,4.39,4.43,4.31,4.39,4.49,4.3,4.35,4.26,4.19,4.3,4.35,4.27,4.48,4.39,4.39,4.46,4.37,4.34,4.35,4.55,4.51,4.43,4.41,4.5,4.42,4.29,4.57,4.55,4.57,4.46,4.43,4.46,4.38,4.33,4.4,4.26,4.29,4.57
SRR7958092_15_D_Post,4.41,4.76,4.56,4.58,4.73,4.71,4.83,4.61,4.59,4.64,4.58,4.29,4.54,4.83,4.58,4.79,4.66,4.76,4.83,4.73,4.83,4.62,4.31,4.69,4.34,4.56,4.41,4.49,4.69,4.15,4.45,4.17,4.72,4.55,4.07,4.44,4.22,4.16,4.27,4.6,4.19,4.71,4.08,3.91,4.34,4.58,4.62,4.61,4.08,4.54,4.76,4.79,4.68,4.87,4.68,4.95,4.65,4.76,4.71,4.7,4.65,4.72,4.77,4.64,4.86,4.93,4.69,4.97,4.69,4.44,4.39,4.42,4.73,4.72,4.73,4.64,4.79,4.75,4.73,4.85,4.74,4.82,4.73,4.68,4.7,4.96,4.57,4.77,4.68,4.74,4.85,4.75,4.69,4.71,4.73,4.66,4.7,4.79,4.74,4.82,4.7,4.71,4.63,4.77,4.75,4.73,4.85,5.01,4.74,4.78,4.8,4.77,4.82,4.93,4.93,4.67,4.72,4.83,4.79,4.68,4.8,4.85,4.67,4.65,4.82
SRR7958091_7_D_Pre,4.48,4.92,4.56,4.74,4.63,4.57,4.8,4.46,4.65,4.62,4.56,4.33,4.85,4.78,4.57,4.63,4.52,4.61,4.83,4.71,4.78,4.69,4.35,4.76,4.34,4.74,4.62,4.72,4.55,4.67,4.74,4.49,4.65,4.67,4.47,4.84,4.45,4.75,4.53,4.75,4.55,4.84,4.7,4.6,4.58,4.73,4.71,4.49,4.43,4.76,3.77,4.81,4.17,4.66,4.74,4.65,4.61,4.69,4.79,4.52,4.66,4.49,4.57,4.55,4.66,4.74,4.69,4.74,4.64,4.62,4.43,4.54,4.51,4.77,4.49,3.99,4.29,4.57,4.63,4.43,4.48,4.57,4.4,4.29,4.6,4.69,4.7,4.61,4.44,4.69,4.62,4.7,4.66,4.65,4.73,4.34,4.41,4.22,4.28,4.22,4.58,4.26,4.06,4.54,4.27,4.64,4.75,4.72,4.57,4.47,4.7,4.65,4.77,4.67,4.75,4.69,4.56,4.62,4.49,4.06,4.15,4.03,4.5,4.47,4.5
SRR7958090_7_D_Post,4.48,4.6,4.48,4.58,4.79,4.49,4.32,4.16,4.4,4.4,4.55,4.23,4.53,4.75,4.56,4.59,4.42,4.4,4.67,4.56,4.81,4.6,4.31,4.53,4.29,4.52,4.41,4.72,4.65,4.58,4.57,4.35,4.58,4.52,4.44,4.79,4.27,4.55,4.37,4.41,4.65,4.87,4.72,4.62,4.52,4.63,4.64,4.46,4.3,4.79,4.81,3.9,4.23,4.52,4.37,4.38,4.48,4.45,4.45,4.03,4.31,4.52,4.46,4.12,4.4,4.27,4.03,4.48,4.42,4.37,4.37,4.39,4.44,4.4,4.44,4.33,4.25,4.32,4.44,4.39,4.37,4.4,4.33,4.25,4.36,4.49,4.28,4.4,4.3,4.44,4.49,4.42,4.41,4.43,4.39,4.26,4.42,4.39,4.21,4.58,4.59,4.39,4.37,4.49,4.32,4.38,4.47,4.52,4.42,4.42,4.5,4.59,4.35,4.38,4.33,4.37,4.11,4.45,4.38,4.46,4.33,4.27,4.2,4.34,4.6
SRR7958089_7_D_Pre,4.29,4.7,4.36,4.51,4.7,4.44,4.64,4.27,4.37,4.35,4.5,4.15,4.57,4.49,4.4,4.44,4.37,4.38,4.66,4.53,4.3,4.38,4.32,4.39,4.31,4.48,4.35,4.55,4.43,4.62,4.39,4.21,4.52,4.27,4.45,4.6,4.37,4.5,4.29,4.56,4.58,4.67,4.56,4.45,4.46,4.76,4.54,4.36,4.28,4.68,4.17,4.23,4.1,4.58,4.63,4.52,4.51,4.58,4.55,4.27,4.44,4.62,4.46,4.45,4.59,4.69,4.5,4.45,4.48,4.47,4.5,4.59,4.39,4.59,4.52,4.11,4.38,4.31,4.47,4.19,4.45,4.61,4.53,4.29,4.64,4.55,4.54,4.56,4.37,4.4,4.54,4.51,4.33,4.67,4.37,3.96,4.37,4.21,3.98,4.42,4.52,4.16,4.06,4.47,4.2,4.33,4.61,4.57,4.53,4.48,4.53,4.55,4.51,4.43,4.47,4.76,4.47,4.58,4.55,4.35,4.24,4.19,4.28,4.16,4.35
SRR7958088_0_D_Post,4.49,4.72,4.55,4.62,4.65,4.55,4.64,4.44,4.51,4.5,4.26,4.49,4.49,4.73,4.63,4.84,4.42,4.54,4.88,4.53,4.71,4.39,4.25,4.41,4.18,4.34,4.33,4.44,4.49,4.69,4.55,4.35,4.55,4.59,4.55,4.62,4.56,4.54,4.51,4.58,4.59,4.79,4.71,4.61,4.44,4.76,4.6,4.54,4.39,4.87,4.66,4.52,4.58,3.71,4.07,4.5,3.94,4.79,4.8,4.64,4.34,4.38,4.25,4.61,4.79,4.81,4.69,4.89,4.55,4.52,4.5,4.57,4.53,4.49,4.48,4.26,4.4,4.27,4.59,4.64,4.54,4.68,4.32,4.65,4.35,4.23,4.15,4.4,4.34,4.18,4.14,4.29,4.18,4.14,3.94,4.31,4.45,4.49,4.67,4.62,4.56,4.36,4.7,4.5,4.84,4.37,4.95,4.57,4.37,4.36,4.48,4.26,4.71,4.74,4.57,4.63,4.63,4.68,4.71,4.8,4.4,4.5,4.54,4.35,4.76
SRR7958087_0_D_Post,4.44,4.76,4.37,4.57,4.77,4.66,4.71,4.47,4.54,4.55,4.39,4.41,4.65,4.7,4.69,4.64,4.52,4.6,4.73,4.66,4.67,4.52,4.35,4.6,4.18,4.53,4.5,4.57,4.61,4.44,4.69,4.39,4.58,4.59,4.5,4.58,4.45,4.63,4.55,4.71,4.54,4.75,4.56,4.6,4.65,4.8,4.57,4.54,4.45,4.68,4.74,4.37,4.63,4.07,3.41,4.35,4.05,4.76,4.64,4.36,4.59,4.55,4.08,4.51,4.69,4.75,4.4,4.63,4.55,4.42,4.43,4.61,4.37,4.14,4.18,4.27,4.67,4.21,4.35,4.64,4.41,4.2,4.35,4.25,4.41,4.08,4.24,4.17,4.38,3.88,4.04,4.41,4.3,4.32,4.13,4.29,4.47,4.55,4.54,4.45,4.46,4.33,4.5,4.67,4.56,4.25,4.59,4.53,4.38,4.45,4.34,4.4,4.52,4.66,4.51,4.55,4.6,4.71,4.49,4.68,4.46,4.35,4.33,4.34,4.57
SRR7958086_15_D_Post,4.37,4.76,4.34,4.73,4.67,4.8,4.56,4.3,4.5,4.35,4.31,4.26,4.66,4.46,4.52,4.62,4.41,4.57,4.74,4.53,4.45,4.34,4.02,4.24,3.84,4.6,4.22,4.59,4.31,4.65,4.61,4.37,4.47,4.35,4.44,4.69,4.42,4.59,4.51,4.64,4.45,4.78,4.75,4.68,4.36,4.81,4.58,4.39,4.47,4.95,4.65,4.38,4.52,4.5,4.35,3.76,4.05,4.45,4.34,4.04,4.1,4.23,4.11,4.11,4.31,4.54,4.14,4.37,4.22,4.3,4.32,4.38,4.35,4.3,4.05,4.25,4.39,4.14,4.1,4.5,4.04,3.9,3.86,4.09,4.1,3.97,3.95,4.02,4.25,4.05,4.22,4.15,3.81,3.94,3.95,4.2,4.25,4.22,4.15,4.42,4.32,4.28,4.27,4.43,4.25,4.07,4.19,4.04,4.14,4.09,4.29,4.19,4.18,4.16,4.45,4.43,4.25,4.37,4.21,4.43,4.17,4.39,4.2,4.12,4.5
SRR7958085_0_D_Post,4.47,4.69,4.5,4.55,4.68,4.59,4.63,4.49,4.5,4.55,4.02,4.34,4.62,4.69,4.53,4.75,4.51,4.53,4.68,4.61,4.46,4.4,4.39,4.45,4.12,4.54,4.28,4.49,4.34,4.56,4.48,4.34,4.48,4.51,4.36,4.73,4.38,4.58,4.43,4.68,4.62,4.73,4.59,4.46,4.45,4.64,4.56,4.64,4.48,4.65,4.61,4.48,4.51,3.94,4.05,4.05,4.53,4.69,4.74,4.52,4.6,4.57,4.31,4.52,4.72,4.75,4.74,4.79,4.52,4.71,4.65,4.61,4.61,4.53,4.42,4.5,4.53,4.43,4.56,4.58,4.46,4.46,4.41,4.45,4.58,4.43,4.34,4.41,4.37,4.11,4.34,4.46,4.4,4.26,4.41,4.5,4.64,4.73,4.54,4.64,4.69,4.42,4.62,4.63,4.76,4.44,4.71,4.44,4.65,4.6,4.59,4.51,4.55,4.67,4.55,4.69,4.51,4.62,4.7,4.62,4.66,4.55,4.55,4.44,4.72
SRR7958084_45_D_Post,4.45,4.78,4.7,4.73,4.72,4.76,4.81,4.49,4.66,4.68,4.66,4.52,4.73,4.83,4.75,4.76,4.53,4.87,4.91,4.75,4.91,4.66,4.66,4.64,4.41,4.75,4.55,4.72,4.7,4.69,4.72,4.45,4.61,4.61,4.56,4.85,4.53,4.64,4.48,4.65,4.65,5.0,4.73,4.82,4.59,4.78,4.8,4.53,4.54,4.76,4.69,4.45,4.58,4.79,4.76,4.45,4.69,4.15,4.71,4.69,4.72,4.74,4.79,4.38,4.57,4.6,4.46,4.6,4.44,4.82,4.62,4.74,4.75,4.69,4.7,4.65,4.63,4.63,4.72,4.78,4.84,4.75,4.71,4.52,4.71,4.82,4.65,4.7,4.57,4.77,4.75,4.82,4.59,4.67,4.68,4.58,4.59,4.8,4.58,4.66,4.83,4.6,4.74,4.79,4.77,4.75,4.8,4.78,4.65,4.65,4.77,4.67,4.65,4.65,4.74,4.57,4.37,4.63,4.51,4.74,4.76,4.75,4.77,4.55,4.89
SRR7958083_45_D_Post,4.44,4.81,4.56,4.7,4.72,4.53,4.72,4.39,4.63,4.59,4.68,4.37,4.71,4.66,4.6,4.74,4.51,4.53,4.84,4.55,4.72,4.8,4.58,4.4,4.45,4.56,4.52,4.86,4.53,4.75,4.54,4.47,4.65,4.65,4.4,4.88,4.52,4.55,4.52,4.64,4.7,4.9,4.73,4.64,4.6,4.85,4.46,4.4,4.46,4.71,4.79,4.45,4.55,4.8,4.64,4.34,4.74,4.71,3.94,4.38,4.47,4.38,4.64,4.51,4.67,4.92,4.55,4.47,4.3,4.76,4.76,4.79,4.35,4.82,4.73,4.69,4.78,4.76,4.66,4.69,4.91,4.72,4.58,4.6,4.65,4.88,4.71,4.8,4.63,4.79,4.82,4.91,4.75,4.86,4.67,4.7,4.81,4.75,4.75,4.86,4.71,4.62,4.6,4.91,4.57,4.68,4.94,4.9,4.49,4.68,4.73,4.92,4.77,4.89,4.92,4.67,4.64,4.58,4.52,4.76,4.54,4.73,4.68,4.61,4.84
SRR7958082_15_D_Post,4.35,4.72,4.4,4.5,4.78,4.55,4.46,4.13,4.41,4.41,4.58,4.14,4.52,4.59,4.42,4.5,4.28,4.47,4.53,4.39,4.55,4.49,4.19,4.49,4.15,4.56,4.34,4.56,4.44,4.5,4.57,4.26,4.56,4.44,4.43,4.76,4.39,4.42,4.34,4.33,4.59,4.68,4.43,4.44,4.27,4.65,4.54,4.43,4.29,4.7,4.52,4.03,4.27,4.64,4.36,4.04,4.52,4.69,4.38,3.77,3.86,4.18,4.2,3.95,4.17,4.15,4.3,3.88,4.28,4.27,4.3,4.26,4.17,4.42,4.35,4.15,4.24,4.16,4.34,4.25,4.2,4.31,4.02,4.12,4.31,4.34,4.18,4.24,4.16,4.29,4.22,4.35,4.11,4.23,4.22,4.15,4.33,4.33,4.15,4.3,4.43,4.21,4.36,4.25,4.15,4.3,4.34,4.23,4.32,4.26,4.31,4.4,4.24,4.26,4.46,4.35,4.17,4.1,4.15,4.31,4.22,4.26,4.32,4.06,4.25
SRR7958081_15_D_Post,4.51,4.78,4.35,4.52,4.58,4.56,4.59,4.23,4.39,4.31,4.43,4.22,4.51,4.63,4.5,4.53,4.29,4.56,4.65,4.55,4.62,4.49,3.99,4.43,3.95,4.34,4.39,4.57,4.48,4.48,4.66,4.3,4.62,4.45,4.46,4.63,4.28,4.5,4.35,4.49,4.49,4.73,4.41,4.48,4.43,4.62,4.61,4.45,4.25,4.65,4.66,4.31,4.44,4.34,4.59,4.1,4.6,4.72,4.47,3.86,3.77,4.4,4.49,4.14,4.29,4.39,4.3,4.16,4.19,4.33,4.35,4.53,4.24,4.54,4.42,4.4,4.38,4.28,4.29,4.51,4.36,4.51,4.28,4.4,4.29,4.62,4.39,4.45,4.42,4.4,4.41,4.52,4.36,4.45,4.35,4.31,4.36,4.51,4.35,4.39,4.4,4.42,4.3,4.5,4.38,4.26,4.48,4.23,4.34,4.46,4.39,4.48,4.37,4.32,4.51,4.21,4.28,4.09,4.35,4.49,4.33,4.5,4.43,4.24,4.48
SRR7958080_7_D_Post,4.56,4.78,4.5,4.58,4.66,4.64,4.79,4.38,4.57,4.62,4.54,4.25,4.72,4.76,4.76,4.68,4.5,4.58,4.65,4.81,4.76,4.65,4.34,4.42,4.08,4.59,4.48,4.63,4.52,4.54,4.68,4.44,4.52,4.46,4.39,4.62,4.47,4.58,4.54,4.53,4.56,4.89,4.53,4.65,4.51,4.69,4.54,4.5,4.35,4.72,4.49,4.52,4.62,4.38,4.55,4.23,4.57,4.74,4.38,4.18,4.4,3.83,4.58,4.39,4.66,4.54,4.61,4.35,4.29,4.53,4.57,4.63,4.33,4.62,4.56,4.48,4.55,4.59,4.62,4.67,4.42,4.73,4.54,4.51,4.52,4.88,4.7,4.71,4.62,4.78,4.71,4.72,4.61,4.55,4.43,4.42,4.66,4.53,4.66,4.53,4.77,4.47,4.6,4.7,4.55,4.61,4.74,4.37,4.6,4.48,4.72,4.76,4.82,4.71,4.7,4.62,4.45,4.59,4.51,4.71,4.62,4.65,4.54,4.45,4.74
SRR7958079_15_D_Post,4.44,4.7,4.55,4.6,4.66,4.62,4.65,4.4,4.52,4.48,4.34,4.37,4.37,4.64,4.74,4.77,4.29,4.47,4.75,4.72,4.73,4.43,4.07,4.38,3.84,4.44,4.41,4.38,4.52,4.62,4.42,4.31,4.5,4.46,4.41,4.5,4.43,4.55,4.63,4.61,4.5,4.79,4.63,4.6,4.42,4.7,4.57,4.62,4.41,4.77,4.57,4.46,4.46,4.25,4.08,4.11,4.31,4.79,4.64,4.2,4.49,4.58,4.06,4.29,4.64,4.48,4.52,4.64,4.48,4.63,4.51,4.53,4.45,4.25,4.37,4.3,4.43,4.23,4.36,4.58,4.31,4.29,4.12,4.24,4.36,4.32,4.17,4.22,4.16,4.08,4.33,3.97,4.31,4.21,4.26,4.22,4.46,4.49,4.47,4.35,4.55,4.39,4.37,4.45,4.49,4.29,4.62,4.36,4.28,4.22,4.49,4.41,4.34,4.41,4.49,4.65,4.64,4.5,4.5,4.56,4.43,4.39,4.49,4.39,4.59
SRR7958078_45_D_Post,4.53,4.72,4.49,4.66,4.72,4.58,4.53,4.26,4.67,4.51,4.43,4.32,4.63,4.61,4.57,4.56,4.42,4.48,4.57,4.62,4.67,4.41,4.04,4.37,4.01,4.47,4.35,4.62,4.43,4.58,4.59,4.26,4.45,4.55,4.52,4.77,4.43,4.53,4.46,4.18,4.48,4.84,4.57,4.56,4.34,4.65,4.47,4.51,4.31,4.64,4.55,4.12,4.45,4.61,4.51,4.11,4.52,4.38,4.51,3.95,4.14,4.39,4.29,3.91,4.23,4.38,4.32,4.32,4.41,4.68,4.45,4.66,4.28,4.58,4.43,4.36,4.43,4.3,4.6,4.58,4.51,4.56,4.49,4.36,4.52,4.7,4.53,4.39,4.57,4.64,4.68,4.59,4.5,4.42,4.58,4.38,4.6,4.56,4.44,4.54,4.6,4.44,4.38,4.61,4.52,4.53,4.58,4.55,4.57,4.48,4.61,4.68,4.6,4.5,4.66,4.29,4.32,4.55,3.98,4.44,4.7,4.61,4.44,4.51,4.72
SRR7958077_45_D_Post,4.55,4.73,4.56,4.68,4.69,4.63,4.61,4.45,4.64,4.45,4.67,4.31,4.64,4.7,4.8,4.6,4.65,4.8,4.68,4.63,4.59,4.55,4.63,4.39,4.23,4.72,4.59,4.88,4.58,4.56,4.69,4.47,4.7,4.64,4.64,4.81,4.74,4.59,4.7,4.52,4.55,4.75,4.68,4.68,4.39,4.9,4.61,4.71,4.51,4.86,4.66,4.4,4.59,4.79,4.69,4.31,4.72,4.57,4.67,4.17,4.29,4.66,4.64,4.23,4.41,4.52,4.35,4.5,4.39,4.76,4.78,4.76,4.3,4.91,4.7,4.72,4.76,4.53,4.62,4.7,4.66,4.68,4.74,4.58,4.75,4.85,4.78,4.85,4.7,4.62,4.76,4.79,4.49,4.74,4.66,4.43,4.66,4.71,4.73,4.85,4.75,4.61,4.85,4.91,4.61,4.65,4.99,4.74,4.67,4.71,4.83,4.85,4.81,4.81,4.88,4.52,4.39,4.35,4.55,4.85,4.76,4.74,4.7,4.7,4.81
SRR7958076_7_D_Post,4.49,4.95,4.72,4.73,5.03,4.88,4.76,4.46,4.73,4.81,4.9,4.47,4.78,4.86,4.76,4.8,4.68,4.71,5.09,4.94,4.76,4.82,4.53,4.78,4.41,4.69,4.51,4.66,4.7,4.74,4.76,4.55,4.69,4.75,4.59,5.03,4.66,4.77,4.71,4.38,4.73,5.15,4.77,4.72,4.72,4.78,4.72,4.64,4.52,4.93,4.74,4.27,4.69,4.81,4.75,4.54,4.75,4.6,4.92,4.15,4.39,4.54,4.48,4.38,4.52,3.94,4.42,4.45,4.3,4.69,4.74,4.59,4.34,4.73,4.6,4.69,4.76,4.6,4.67,4.87,4.72,4.64,4.67,4.45,4.68,4.94,4.51,4.76,4.67,4.74,4.77,4.76,4.58,4.6,4.54,4.57,4.67,4.86,4.79,4.7,4.67,4.65,4.79,4.78,4.68,4.76,4.61,4.87,4.58,4.42,4.71,4.78,4.62,4.78,4.82,4.69,4.56,4.17,4.61,4.73,4.67,4.7,4.63,4.81,4.72
SRR7958071_0_D_Post,4.5,4.77,4.54,4.59,4.79,4.73,4.5,4.44,4.51,4.42,4.64,4.35,4.68,4.64,4.67,4.77,4.44,4.49,4.76,4.66,4.69,4.49,4.23,4.47,4.25,4.67,4.25,4.61,4.55,4.69,4.59,4.34,4.73,4.64,4.44,4.65,4.37,4.47,4.6,4.36,4.51,4.72,4.57,4.52,4.46,4.76,4.69,4.56,4.47,4.69,4.69,4.03,4.5,4.69,4.4,4.14,4.74,4.46,4.55,4.3,4.3,4.61,4.52,4.32,4.35,4.42,4.4,4.45,4.28,4.67,4.56,4.64,4.41,4.54,4.6,4.63,4.53,4.56,4.7,4.65,4.68,4.56,4.55,4.46,4.6,4.52,4.45,4.59,4.44,4.59,4.67,4.56,4.6,4.46,4.54,4.45,4.74,4.55,4.66,4.67,4.58,4.62,4.65,4.75,4.59,4.57,4.76,4.61,4.74,4.43,4.6,4.65,4.57,4.69,4.91,4.43,4.42,4.29,4.12,4.63,4.77,4.7,4.49,4.6,4.73
SRR7958070_0_D_Post,4.51,4.75,4.48,4.75,4.96,4.68,4.65,4.24,4.41,4.6,4.7,4.3,4.68,4.55,4.64,4.53,4.57,4.73,4.65,4.72,4.51,4.73,4.37,4.51,4.4,4.61,4.6,4.85,4.42,4.64,4.82,4.46,4.57,4.64,4.55,4.99,4.62,4.73,4.59,4.23,4.69,4.92,4.68,4.76,4.47,4.69,4.42,4.3,4.53,4.97,4.74,4.48,4.45,4.89,4.63,4.37,4.79,4.6,4.47,3.88,4.16,4.35,4.64,4.32,4.5,4.45,4.45,4.36,4.28,4.75,4.73,4.93,4.37,4.7,4.77,4.73,4.81,4.62,4.63,4.85,4.73,4.71,4.73,4.61,4.71,4.8,4.7,4.98,4.77,4.72,4.78,4.73,4.53,4.74,4.61,4.51,4.81,4.65,4.77,4.75,4.8,4.72,4.77,4.9,4.64,4.81,4.67,4.6,4.61,4.75,4.81,4.83,4.63,4.71,4.79,4.66,4.28,4.18,4.4,4.75,4.7,4.69,4.62,4.55,4.6
SRR7958069_0_D_Post,4.32,4.8,4.45,4.59,4.77,4.55,4.55,4.28,4.47,4.32,4.65,4.31,4.42,4.58,4.61,4.58,4.32,4.39,4.47,4.48,4.53,4.54,4.19,4.2,4.16,4.49,4.36,4.43,4.46,4.51,4.58,4.34,4.51,4.42,4.62,4.69,4.44,4.45,4.49,4.38,4.4,4.84,4.71,4.48,4.33,4.59,4.39,4.4,4.47,4.69,4.64,4.42,4.48,4.55,4.55,4.22,4.52,4.44,4.3,4.28,4.19,4.29,4.48,4.41,4.39,4.3,4.28,4.28,3.97,4.64,4.63,4.7,4.3,4.76,4.7,4.57,4.64,4.55,4.58,4.63,4.61,4.78,4.51,4.62,4.59,4.76,4.53,4.8,4.65,4.72,4.72,4.71,4.51,4.72,4.59,4.56,4.63,4.43,4.82,4.78,4.72,4.52,4.74,4.74,4.63,4.58,4.72,4.75,4.53,4.49,4.79,4.69,4.79,4.78,4.68,4.24,3.89,4.39,4.63,4.72,4.61,4.57,4.55,4.62,4.55
SRR7958068_7_D_Pre,4.37,4.73,4.36,4.66,4.74,4.66,4.68,4.34,4.4,4.48,4.59,4.29,4.52,4.7,4.7,4.58,4.68,4.67,4.73,4.66,4.69,4.65,4.37,4.44,4.24,4.61,4.56,4.58,4.63,3.87,4.3,3.95,4.17,4.46,4.17,4.31,4.27,4.18,4.1,4.53,4.37,4.71,4.22,4.09,4.31,4.38,4.57,4.46,4.37,4.44,4.62,4.37,4.47,4.52,4.42,4.3,4.71,4.82,4.76,4.27,4.33,4.53,4.63,4.68,4.76,4.69,4.67,4.75,4.64,4.09,4.04,4.23,4.52,4.59,4.53,4.52,4.46,4.46,4.41,4.47,4.57,4.38,4.46,4.38,4.59,4.54,4.49,4.52,4.46,4.55,4.55,4.52,4.42,4.62,4.6,4.38,4.57,4.51,4.57,4.63,4.67,4.42,4.54,4.55,4.5,4.73,4.66,4.64,4.58,4.6,4.57,4.53,4.7,4.59,4.57,4.76,4.62,4.61,4.59,4.54,4.56,4.54,4.58,4.46,4.48
SRR7958067_7_D_Pre,4.41,4.75,4.49,4.56,4.7,4.67,4.63,4.48,4.44,4.6,4.46,4.41,4.57,4.67,4.51,4.69,4.44,4.57,4.82,4.71,4.7,4.52,4.34,4.54,4.38,4.44,4.58,4.61,4.52,4.25,4.53,4.18,4.27,4.42,4.03,4.23,4.26,4.14,4.19,4.58,4.51,4.72,4.39,4.1,4.38,4.46,4.57,4.53,4.05,4.39,4.43,4.37,4.5,4.5,4.43,4.32,4.65,4.62,4.76,4.3,4.35,4.57,4.51,4.45,4.78,4.74,4.56,4.73,4.63,4.04,4.16,4.1,4.42,4.47,4.54,4.31,4.53,4.33,4.36,4.51,4.46,4.63,4.49,4.48,4.45,4.51,4.27,4.65,4.36,4.4,4.55,4.53,4.37,4.47,4.51,4.36,4.42,4.46,4.5,4.64,4.55,4.38,4.65,4.51,4.58,4.27,4.54,4.68,4.54,4.43,4.56,4.46,4.62,4.79,4.48,4.75,4.52,4.56,4.59,4.59,4.55,4.4,4.58,4.4,4.57
SRR7958066_7_D_Pre,4.43,4.81,4.47,4.56,4.64,4.56,4.63,4.52,4.54,4.59,4.69,4.32,4.5,4.76,4.81,4.64,4.45,4.63,4.8,4.74,4.57,4.57,4.32,4.53,4.31,4.65,4.51,4.61,4.51,4.29,4.36,4.19,4.5,4.62,4.14,4.45,4.19,4.33,4.27,4.58,4.24,4.63,4.1,4.28,4.28,4.34,4.77,4.44,4.09,4.42,4.54,4.39,4.59,4.57,4.61,4.38,4.61,4.74,4.79,4.26,4.53,4.63,4.53,4.66,4.76,4.59,4.64,4.93,4.7,4.23,4.1,4.12,4.75,4.63,4.55,4.51,4.56,4.47,4.46,4.55,4.41,4.55,4.45,4.47,4.61,4.66,4.43,4.65,4.51,4.67,4.59,4.6,4.6,4.67,4.58,4.44,4.54,4.51,4.52,4.61,4.61,4.51,4.5,4.5,4.53,4.67,4.57,4.56,4.6,4.69,4.67,4.58,4.61,4.61,4.65,4.79,4.76,4.56,4.54,4.62,4.61,4.57,4.55,4.46,4.71
SRR7958065_0_D_Post,4.55,4.64,4.44,4.75,4.79,4.61,4.59,4.51,4.62,4.46,4.61,4.17,4.53,4.81,4.5,4.61,4.43,4.57,4.69,4.64,4.66,4.62,4.28,4.5,4.28,4.39,4.45,4.39,4.61,4.46,4.66,4.51,4.6,4.52,4.45,4.64,4.39,4.52,4.42,4.4,4.56,4.83,4.66,4.37,4.51,4.68,4.5,4.38,4.44,4.73,4.51,4.44,4.39,4.53,4.37,4.35,4.61,4.75,4.35,4.17,4.24,4.33,4.45,4.28,4.3,4.34,4.41,4.37,4.3,4.52,4.42,4.75,3.95,4.72,4.57,4.53,4.57,4.54,4.46,4.51,4.66,4.58,4.54,4.39,4.57,4.71,4.54,4.69,4.54,4.57,4.77,4.59,4.55,4.6,4.48,4.4,4.62,4.63,4.67,4.75,4.77,4.46,4.58,4.66,4.55,4.39,4.76,4.64,4.45,4.4,4.43,4.56,4.66,4.62,4.67,4.35,4.37,4.31,4.51,4.62,4.52,4.61,4.49,4.46,4.53
SRR7958064_0_D_Post,4.5,4.75,4.61,4.59,4.74,4.61,4.49,4.51,4.63,4.6,4.49,4.49,4.71,4.76,4.65,4.74,4.43,4.64,4.85,4.65,4.85,4.53,4.09,4.54,4.11,4.55,4.28,4.65,4.66,4.72,4.57,4.35,4.79,4.73,4.48,4.89,4.3,4.61,4.51,4.77,4.5,4.95,4.77,4.75,4.67,4.74,4.61,4.68,4.45,4.72,4.77,4.4,4.59,4.49,4.14,4.3,4.53,4.69,4.82,4.42,4.54,4.62,4.25,4.58,4.91,4.73,4.54,4.7,4.76,4.59,4.47,4.63,4.72,4.28,4.54,4.26,4.51,4.34,4.45,4.67,4.31,4.55,4.28,4.21,4.3,4.43,4.17,4.36,3.96,4.26,4.17,3.89,4.33,4.45,4.3,4.29,4.39,4.36,4.4,4.59,4.43,4.43,4.41,4.54,4.44,4.35,4.57,4.53,4.39,4.27,4.57,4.37,4.5,4.64,4.48,4.64,4.54,4.46,4.31,4.6,4.4,4.49,4.3,4.43,4.44
SRR7958063_0_D_Post,4.34,4.86,4.29,4.6,4.86,4.7,4.55,4.4,4.49,4.52,4.21,4.31,4.59,4.84,4.75,4.55,4.44,4.54,4.64,4.61,4.79,4.58,4.37,4.47,4.13,4.39,4.3,4.7,4.48,4.46,4.68,4.35,4.45,4.4,4.61,4.76,4.43,4.6,4.46,4.71,4.53,4.81,4.69,4.57,4.39,4.58,4.44,4.36,4.43,4.73,4.49,4.44,4.52,4.48,4.18,4.05,4.42,4.7,4.73,4.35,4.42,4.56,4.37,4.43,4.7,4.6,4.6,4.77,4.7,4.53,4.54,4.55,4.57,4.54,3.74,4.2,4.45,4.15,4.28,4.4,4.28,3.83,4.2,4.02,4.18,3.93,4.21,4.24,4.21,4.08,4.0,4.38,3.79,4.16,4.12,4.16,4.12,4.15,4.25,4.35,4.27,4.22,4.25,4.55,4.21,4.03,4.23,4.33,4.14,4.1,4.29,4.22,4.28,4.25,4.35,4.49,4.28,4.31,4.35,4.33,4.18,4.18,4.13,4.05,4.33
SRR7958062_7_D_Post,4.22,4.46,4.44,4.56,4.48,4.47,4.51,4.36,4.22,4.37,4.61,4.26,4.34,4.59,4.6,4.53,4.44,4.51,4.73,4.78,4.74,4.46,4.25,4.5,3.92,4.53,4.35,4.52,4.39,4.45,4.43,4.21,4.51,4.55,4.44,4.48,4.29,4.46,4.34,4.6,4.51,4.67,4.56,4.52,4.54,4.63,4.54,4.53,4.34,4.64,3.99,4.33,4.11,4.26,4.27,4.25,4.5,4.65,4.69,4.15,4.4,4.48,4.3,4.36,4.72,4.69,4.63,4.73,4.57,4.52,4.31,4.51,4.53,4.26,4.2,4.16,3.8,4.37,4.61,4.17,4.46,4.58,4.5,4.43,4.48,4.57,4.43,4.62,4.42,4.51,4.52,4.52,4.35,4.66,4.47,4.07,4.47,4.24,4.27,4.31,4.22,4.2,4.06,4.52,4.16,4.48,4.81,4.59,4.55,4.41,4.47,4.48,4.7,4.58,4.35,4.7,4.57,4.53,4.48,4.06,4.08,4.01,4.22,4.12,4.39
SRR7958061_7_D_Post,4.42,4.7,4.56,4.55,4.67,4.48,4.64,4.41,4.55,4.54,4.45,4.36,4.64,4.7,4.76,4.66,4.46,4.6,4.72,4.59,4.71,4.55,4.56,4.6,4.47,4.62,4.56,4.48,4.58,4.58,4.68,4.36,4.56,4.65,4.36,4.59,4.36,4.5,4.37,4.59,4.58,4.8,4.59,4.53,4.45,4.78,4.59,4.47,4.33,4.79,4.29,4.25,4.38,4.4,4.67,4.39,4.53,4.63,4.78,4.24,4.38,4.55,4.43,4.43,4.76,4.76,4.53,4.81,4.64,4.46,4.53,4.56,4.57,4.51,4.45,3.8,4.27,4.34,4.61,4.23,4.7,4.73,4.48,4.49,4.6,4.6,4.57,4.58,4.36,4.59,4.64,4.63,4.54,4.58,4.38,4.2,4.53,4.2,4.48,4.18,4.39,4.29,4.27,4.39,4.28,4.62,4.91,4.59,4.63,4.57,4.68,4.67,4.73,4.66,4.58,4.68,4.65,4.64,4.64,4.4,4.07,4.35,4.44,4.23,4.62
SRR7958060_0_D_Post,4.37,4.65,4.35,4.6,4.51,4.45,4.52,4.24,4.43,4.37,4.24,4.18,4.52,4.55,4.69,4.53,4.36,4.44,4.61,4.34,4.47,3.87,4.32,4.33,4.01,3.76,3.88,4.31,4.18,4.61,4.49,4.26,4.51,4.4,4.29,4.52,4.31,4.37,4.27,4.55,4.37,4.78,4.55,4.31,4.41,4.73,4.57,4.46,4.24,4.75,4.57,4.32,4.31,4.27,4.21,4.14,4.43,4.63,4.76,4.16,4.28,4.59,4.23,4.3,4.53,4.6,4.56,4.62,4.55,4.46,4.33,4.47,4.54,4.34,4.15,4.37,4.34,4.04,4.32,4.46,4.39,4.6,4.31,4.19,4.36,4.45,4.37,4.66,4.19,4.36,4.49,4.26,4.29,4.19,4.31,4.22,4.49,4.54,4.47,4.56,4.56,4.34,4.42,4.39,4.6,3.86,4.81,4.25,4.27,3.85,4.41,4.36,4.08,4.58,4.05,4.66,4.48,4.65,4.65,4.64,4.52,4.5,4.43,4.43,4.56
SRR7958059_0_D_Post,4.51,4.65,4.33,4.61,4.59,4.54,4.52,4.45,4.51,4.43,4.43,4.42,4.51,4.72,4.57,4.48,4.36,4.5,4.73,4.48,4.56,4.18,4.25,4.43,4.16,4.28,4.16,4.31,4.33,4.55,4.41,4.36,4.55,4.32,4.35,4.64,4.57,4.49,4.41,4.57,4.6,4.7,4.49,4.43,4.37,4.64,4.47,4.49,4.4,4.73,4.63,4.44,4.47,4.59,4.35,4.1,4.56,4.72,4.66,4.34,4.29,4.62,4.36,4.6,4.62,4.67,4.7,4.63,4.58,4.41,4.36,4.46,4.46,4.45,4.28,4.61,4.61,4.32,3.95,4.62,4.14,4.51,4.27,4.35,4.04,4.44,4.46,4.49,4.47,4.39,4.65,4.53,4.48,4.43,4.43,4.47,4.67,4.29,4.52,4.43,4.48,4.53,4.29,4.56,4.67,4.22,4.42,4.42,4.21,4.44,4.1,4.36,4.23,4.21,4.58,4.63,4.6,4.62,4.65,4.61,4.52,4.63,4.57,4.36,4.61
SRR7958058_7_D_Pre,4.37,4.84,4.43,4.74,4.71,4.56,4.68,4.32,4.6,4.49,4.58,4.28,4.61,4.63,4.57,4.54,4.56,4.64,4.72,4.55,4.6,4.5,4.84,4.46,4.6,4.7,4.57,4.67,4.44,4.72,4.69,4.28,4.59,4.52,4.47,4.61,4.54,4.5,4.39,4.61,4.61,4.7,4.67,4.51,4.54,4.73,4.59,4.51,4.52,4.85,4.43,4.39,4.19,4.64,4.64,4.5,4.58,4.78,4.69,4.25,4.51,4.67,4.58,4.58,4.7,4.87,4.65,4.85,4.63,4.47,4.51,4.55,4.51,4.67,4.4,4.17,4.23,4.46,4.62,4.01,4.61,4.78,4.79,4.43,4.66,4.72,4.57,4.79,4.56,4.68,4.78,4.82,4.61,4.77,4.58,4.26,4.6,4.42,4.1,4.62,4.67,4.22,4.12,4.8,4.67,4.62,4.77,4.63,4.71,4.75,4.59,4.77,4.79,4.76,4.81,4.82,4.84,4.87,4.71,4.46,4.29,4.43,4.47,4.33,4.28
SRR7958057_0_D_Post,4.5,4.81,4.37,4.55,4.6,4.44,4.64,4.39,4.43,4.67,4.44,4.24,4.49,4.69,4.57,4.76,4.36,4.47,4.82,4.72,4.56,4.28,4.29,4.6,4.12,4.54,4.14,4.28,4.32,4.65,4.51,4.42,4.56,4.58,4.4,4.74,4.48,4.59,4.53,4.58,4.67,4.58,4.57,4.65,4.61,4.84,4.49,4.55,4.41,4.74,4.48,4.37,4.45,4.54,4.41,4.04,4.46,4.84,4.91,4.2,4.36,4.42,4.31,4.51,4.66,4.72,4.68,4.73,4.61,4.57,4.46,4.41,4.66,4.31,4.28,4.46,4.7,4.39,4.14,4.61,4.31,4.46,4.55,4.25,4.34,4.58,4.51,4.64,4.67,4.55,4.61,4.66,4.56,4.59,4.55,4.5,4.63,4.5,4.54,4.57,4.85,4.49,4.56,4.71,4.67,4.5,4.24,4.6,4.65,4.56,4.38,4.13,4.59,4.28,4.42,4.82,4.8,4.69,4.62,4.6,4.66,4.68,4.59,4.58,4.61
SRR7958056_45_D_Post,4.44,4.64,4.42,4.48,4.68,4.64,4.56,4.32,4.45,4.44,4.53,4.29,4.68,4.65,4.67,4.69,4.51,4.42,4.86,4.89,4.8,4.57,4.43,4.61,4.14,4.52,4.28,4.57,4.4,4.6,4.6,4.47,4.37,4.54,4.45,4.88,4.48,4.63,4.47,4.61,4.65,4.65,4.67,4.51,4.62,4.81,4.52,4.41,4.62,4.82,4.57,4.4,4.61,4.68,4.2,3.9,4.46,4.75,4.72,4.31,4.51,4.73,4.29,4.56,4.68,4.64,4.56,4.71,4.78,4.38,4.63,4.55,4.58,4.55,3.83,4.58,4.73,4.6,4.51,4.78,4.46,4.06,4.29,4.26,4.45,4.55,4.26,4.47,4.67,4.39,4.45,4.51,4.25,4.42,4.13,4.35,4.64,4.6,4.64,4.61,4.47,4.53,4.59,4.7,4.54,4.36,4.5,4.49,4.51,4.56,4.57,4.63,4.41,4.43,4.63,4.75,4.69,4.58,4.56,4.55,4.54,4.68,4.49,4.3,4.65
SRR7958055_15_D_Post,4.3,4.51,4.45,4.5,4.68,4.51,4.64,4.47,4.48,4.33,4.37,4.32,4.48,4.71,4.61,4.66,4.22,4.35,4.59,4.74,4.78,4.37,3.81,4.56,3.67,4.3,4.42,4.44,4.6,4.55,4.62,4.35,4.49,4.53,4.44,4.56,4.41,4.54,4.38,4.57,4.43,4.9,4.58,4.54,4.63,4.64,4.45,4.42,4.36,4.73,4.4,4.33,4.53,4.32,4.35,3.86,4.41,4.71,4.58,4.02,4.28,4.54,4.12,4.49,4.74,4.67,4.55,4.73,4.51,4.46,4.49,4.45,4.54,4.28,4.2,4.5,4.48,4.31,4.27,4.79,4.55,4.29,3.59,4.09,4.16,4.11,4.08,3.99,3.9,4.23,3.89,4.03,4.15,4.02,3.78,4.07,4.21,4.27,4.21,4.28,4.32,4.21,4.23,4.23,4.13,4.02,4.37,4.19,4.06,4.06,4.16,4.2,4.23,4.31,4.37,4.4,4.25,4.25,4.24,4.41,4.26,4.36,4.08,3.99,4.52
SRR7958054_0_D_Post,4.21,4.52,4.27,4.43,4.53,4.37,4.41,4.23,4.42,4.18,4.35,4.2,4.47,4.49,4.52,4.64,4.32,4.35,4.49,4.26,4.28,4.25,4.18,4.28,3.88,4.19,3.91,4.17,3.92,4.55,4.5,4.19,4.51,4.55,4.31,4.66,4.35,4.46,4.33,4.63,4.43,4.62,4.51,4.45,4.45,4.7,4.38,4.4,4.32,4.68,4.29,4.25,4.29,4.65,4.25,4.09,4.45,4.52,4.6,4.12,4.4,4.51,4.24,4.36,4.58,4.45,4.46,4.61,4.62,4.38,4.48,4.47,4.39,4.21,4.02,4.43,4.49,4.19,4.35,4.43,4.25,4.26,4.09,3.84,3.97,4.32,4.23,4.49,4.21,4.19,4.18,4.25,4.2,4.27,4.12,4.25,4.4,4.25,4.26,4.38,4.37,4.17,4.25,4.4,4.22,4.14,4.18,4.34,4.03,4.1,4.25,4.08,3.87,3.84,3.8,4.32,4.23,4.3,4.24,4.31,4.3,4.37,4.16,4.17,4.34
SRR7958053_0_D_Post,4.56,4.63,4.42,4.65,4.63,4.61,4.57,4.3,4.47,4.53,4.42,4.38,4.45,4.69,4.65,4.59,4.36,4.57,4.67,4.14,4.49,4.0,4.08,4.45,3.96,4.39,4.02,4.08,4.21,4.65,4.74,4.34,4.68,4.61,4.34,4.66,4.46,4.4,4.61,4.75,4.56,4.74,4.67,4.56,4.48,4.79,4.58,4.62,4.24,4.7,4.6,4.36,4.64,4.35,4.41,4.1,4.58,4.71,4.65,4.31,4.29,4.52,4.36,4.52,4.75,4.68,4.6,4.71,4.59,4.59,4.45,4.61,4.57,4.3,4.18,4.48,4.6,4.36,4.04,4.66,4.34,4.45,4.16,3.97,3.79,4.46,4.28,4.62,4.3,4.3,4.42,4.36,4.25,4.36,4.4,4.31,4.4,4.38,4.42,4.44,4.37,4.45,4.43,4.52,4.59,4.28,4.5,4.23,4.09,4.21,4.13,4.06,4.41,4.41,4.2,4.54,4.44,4.62,4.53,4.77,4.38,4.48,4.44,4.2,4.48
SRR7958052_7_D_Pre,4.46,4.77,4.61,4.69,4.79,4.68,4.55,4.55,4.65,4.61,3.99,4.65,4.63,4.81,4.66,5.05,4.59,4.87,4.91,4.65,4.77,4.39,4.55,4.54,4.42,4.44,4.34,4.42,4.6,4.77,4.56,4.43,4.6,4.5,4.55,4.72,4.45,4.45,4.46,4.7,4.48,4.98,4.79,4.54,4.77,4.94,4.63,4.55,4.48,4.96,4.69,4.49,4.55,4.23,4.08,3.97,4.43,4.82,4.88,4.34,4.62,4.88,4.32,4.7,4.85,4.94,4.52,4.8,4.76,4.54,4.51,4.66,4.71,4.43,3.93,4.57,4.6,4.45,4.44,4.72,4.58,4.55,4.11,4.32,4.46,3.98,4.3,4.28,4.03,3.74,4.18,4.24,4.02,4.06,4.23,4.4,4.42,4.41,4.46,4.35,4.36,4.47,4.41,4.67,4.61,4.38,4.61,4.46,4.61,4.36,4.44,4.23,4.4,4.57,4.54,4.68,4.61,4.52,4.51,4.48,4.52,4.55,4.38,4.47,4.68
SRR7958051_7_D_Pre,4.43,4.63,4.48,4.65,4.74,4.6,4.55,4.5,4.49,4.54,4.08,4.41,4.39,4.8,4.52,4.54,4.37,4.55,4.79,4.6,4.7,4.51,4.12,4.5,4.17,4.44,4.43,4.41,4.52,4.54,4.29,4.28,4.49,4.59,4.39,4.66,4.17,4.32,4.44,4.56,4.53,4.85,4.49,4.41,4.43,4.55,4.63,4.35,4.32,4.57,4.7,4.28,4.54,4.15,4.24,3.95,4.34,4.65,4.71,4.18,4.39,4.7,4.17,4.53,4.78,4.51,4.45,4.7,4.53,4.49,4.27,4.43,4.54,4.17,4.21,4.43,4.57,4.37,4.46,4.57,4.51,4.26,4.08,4.23,4.28,4.3,3.66,4.08,4.11,3.99,4.25,4.13,3.86,4.16,4.03,4.38,4.33,4.49,4.48,4.62,4.53,4.37,4.6,4.43,4.61,4.3,4.64,4.45,4.43,4.37,4.52,4.51,4.54,4.51,4.45,4.65,4.48,4.61,4.66,4.67,4.37,4.59,4.45,4.41,4.69
SRR7958050_45_D_Post,4.59,4.87,4.63,4.79,4.68,4.79,4.69,4.52,4.7,4.58,4.23,4.54,4.76,4.72,4.65,4.8,4.5,4.69,4.8,4.71,4.81,4.68,3.96,4.56,4.02,4.66,4.48,4.64,4.5,4.6,4.59,4.37,4.65,4.5,4.45,4.7,4.48,4.56,4.56,4.63,4.59,4.89,4.52,4.76,4.5,4.8,4.65,4.61,4.39,4.77,4.61,4.4,4.56,4.4,4.17,4.02,4.41,4.7,4.8,4.24,4.45,4.71,4.22,4.39,4.85,4.76,4.59,4.98,4.8,4.52,4.65,4.65,4.69,4.36,4.24,4.62,4.58,4.66,4.49,4.79,4.64,4.47,3.99,4.49,4.62,4.28,4.08,3.78,4.1,3.92,3.97,4.42,4.34,4.02,4.25,4.46,4.51,4.46,4.52,4.63,4.78,4.43,4.38,4.47,4.48,4.4,4.54,4.25,4.4,4.52,4.49,4.61,4.46,4.62,4.67,4.84,4.72,4.61,4.67,4.53,4.37,4.53,4.61,4.36,4.56
SRR7958049_45_D_Post,4.31,4.61,4.45,4.62,4.51,4.54,4.41,4.38,4.55,4.25,4.54,4.33,4.43,4.69,4.52,4.69,4.35,4.41,4.68,4.48,4.62,4.38,3.9,4.47,3.94,4.46,4.27,4.52,4.46,4.47,4.58,4.19,4.53,4.4,4.25,4.61,4.46,4.39,4.38,4.65,4.51,4.74,4.49,4.57,4.35,4.76,4.55,4.55,4.43,4.68,4.44,4.3,4.37,4.34,4.38,4.25,4.37,4.57,4.63,4.16,4.42,4.62,4.16,4.57,4.7,4.67,4.44,4.77,4.65,4.46,4.36,4.51,4.54,3.96,4.21,4.42,4.36,4.19,4.47,4.56,4.67,4.67,3.9,4.21,4.3,4.03,4.11,4.1,4.23,4.22,4.07,4.16,4.49,4.44,4.31,4.45,4.51,4.65,4.59,4.52,4.61,4.58,4.59,4.53,4.68,4.4,4.68,4.45,4.61,4.48,4.47,4.63,4.52,4.6,4.65,4.77,4.71,4.76,4.61,4.74,4.6,4.71,4.58,4.63,4.8
SRR7958048_45_D_Post,4.24,4.63,4.42,4.7,4.73,4.58,4.31,4.42,4.36,4.42,4.04,4.41,4.55,4.71,4.55,4.7,4.45,4.64,4.61,4.5,4.71,4.24,4.32,4.46,4.1,4.35,4.43,4.5,4.46,4.63,4.6,4.23,4.65,4.43,4.4,4.75,4.33,4.43,4.37,4.7,4.45,4.79,4.57,4.42,4.43,4.61,4.57,4.55,4.31,4.74,4.69,4.44,4.4,4.18,3.88,4.05,4.11,4.77,4.79,4.29,4.4,4.78,4.08,4.64,4.62,4.74,4.59,4.72,4.72,4.55,4.4,4.67,4.57,4.26,4.08,4.51,4.59,4.36,4.39,4.68,4.55,4.39,4.23,4.19,4.3,3.74,3.99,3.92,4.22,4.44,4.1,4.19,4.21,4.04,3.99,4.36,4.56,4.46,4.39,4.6,4.54,4.42,4.64,4.57,4.48,4.41,4.62,4.35,4.47,4.4,4.4,4.56,4.44,4.6,4.55,4.56,4.63,4.58,4.54,4.5,4.34,4.58,4.39,4.34,4.62
SRR7958047_45_D_Post,4.53,4.64,4.62,4.8,4.67,4.65,4.5,4.47,4.62,4.58,4.17,4.4,4.55,4.74,4.68,4.8,4.51,4.64,4.77,4.61,4.73,4.44,4.13,4.65,3.95,4.37,4.48,4.52,4.53,4.53,4.61,4.39,4.65,4.51,4.47,4.66,4.38,4.39,4.53,4.68,4.5,4.82,4.58,4.56,4.51,4.7,4.76,4.56,4.39,4.85,4.62,4.49,4.54,4.14,4.04,4.22,4.34,4.75,4.82,4.22,4.41,4.71,4.33,4.68,4.76,4.77,4.67,4.78,4.72,4.55,4.55,4.59,4.77,4.17,4.0,4.52,4.64,4.49,4.65,4.78,4.61,4.45,3.89,4.18,4.42,4.18,4.25,3.97,4.07,4.1,4.1,4.27,4.17,4.33,4.08,4.29,4.29,4.51,4.47,4.41,4.59,4.29,4.43,4.42,4.47,4.41,4.68,4.45,4.37,4.37,4.46,4.43,4.49,4.61,4.42,4.69,4.56,4.45,4.61,4.66,4.44,4.38,4.28,4.48,4.71
SRR7958046_7_D_Post,4.56,4.72,4.83,4.68,4.74,4.75,4.52,4.65,4.65,4.58,4.35,4.49,4.57,4.71,4.67,4.67,4.43,4.55,4.94,4.91,4.88,4.45,4.13,4.6,4.07,4.48,4.45,4.49,4.6,4.62,4.56,4.47,4.67,4.62,4.49,4.67,4.4,4.55,4.66,4.71,4.6,5.08,4.73,4.53,4.4,4.66,4.76,4.63,4.49,4.75,4.7,4.42,4.51,4.29,4.41,4.15,4.46,4.82,4.91,4.35,4.52,4.72,3.97,4.59,4.79,4.76,4.56,4.73,4.71,4.52,4.53,4.6,4.59,3.89,4.38,4.52,4.63,4.26,4.53,4.82,4.66,4.51,4.03,4.25,4.36,4.24,4.13,4.42,4.16,4.19,4.27,4.04,4.5,4.31,4.38,4.4,4.61,4.57,4.54,4.47,4.63,4.3,4.64,4.54,4.79,4.43,4.68,4.63,4.53,4.35,4.67,4.56,4.58,4.71,4.66,4.91,4.68,4.61,4.54,4.71,4.52,4.68,4.54,4.61,4.73
SRR7958045_7_D_Post,4.21,4.6,4.29,4.52,4.68,4.56,4.61,4.31,4.31,4.26,4.15,4.29,4.29,4.44,4.51,4.57,4.4,4.61,4.68,4.45,4.64,4.27,4.32,4.35,3.99,4.3,4.25,4.38,4.35,4.42,4.63,4.19,4.4,4.31,4.47,4.5,4.38,4.47,4.38,4.6,4.38,4.79,4.53,4.35,4.32,4.76,4.47,4.45,4.3,4.69,4.66,4.41,4.33,4.18,4.3,3.81,4.4,4.59,4.75,4.11,4.36,4.61,4.31,4.5,4.49,4.58,4.6,4.53,4.51,4.42,4.37,4.6,4.55,4.33,3.79,4.35,4.54,4.29,4.48,4.61,4.56,4.25,4.15,4.2,4.25,4.02,3.86,4.34,4.49,4.21,4.17,4.5,3.83,3.92,3.79,4.07,4.08,4.23,4.21,4.3,4.3,4.06,4.36,4.44,4.19,4.2,4.51,4.29,4.31,4.13,4.26,4.25,4.26,4.43,4.26,4.57,4.39,4.26,4.4,4.36,4.24,4.18,4.15,4.09,4.38
SRR7958044_7_D_Post,4.47,4.71,4.59,4.77,4.84,4.64,4.54,4.46,4.55,4.55,4.18,4.47,4.44,4.62,4.56,4.73,4.39,4.47,4.95,4.72,4.79,4.39,4.1,4.58,4.01,4.45,4.3,4.48,4.43,4.57,4.59,4.38,4.53,4.58,4.63,4.76,4.3,4.49,4.7,4.57,4.56,4.82,4.65,4.59,4.3,4.79,4.72,4.37,4.35,4.71,4.65,4.43,4.67,4.14,4.32,3.94,4.26,4.67,4.86,4.23,4.45,4.55,4.21,4.42,4.74,4.6,4.46,4.74,4.72,4.62,4.47,4.67,4.6,4.45,4.16,4.66,4.58,4.19,4.43,4.77,4.59,4.42,4.02,4.27,4.36,4.06,4.16,4.02,4.44,4.04,4.33,4.31,3.92,3.83,3.99,4.38,4.49,4.51,4.43,4.51,4.61,4.44,4.56,4.5,4.49,4.45,4.45,4.44,4.41,4.37,4.58,4.29,4.47,4.36,4.55,4.73,4.49,4.43,4.44,4.61,4.53,4.7,4.5,4.39,4.66
SRR7958043_7_D_Post,4.37,4.65,4.61,4.67,4.55,4.55,4.42,4.37,4.34,4.42,4.19,4.33,4.39,4.75,4.51,4.64,4.29,4.55,4.78,4.58,4.73,4.33,4.19,4.39,4.03,4.28,4.32,4.54,4.48,4.48,4.54,4.24,4.52,4.46,4.27,4.69,4.41,4.53,4.48,4.64,4.39,4.8,4.46,4.57,4.34,4.95,4.6,4.49,4.26,4.73,4.73,4.39,4.37,3.94,4.13,3.95,4.41,4.68,4.67,4.22,4.35,4.43,4.26,4.58,4.66,4.54,4.54,4.61,4.59,4.6,4.51,4.58,4.48,4.3,4.12,4.47,4.38,4.31,4.43,4.58,4.55,4.13,3.78,4.12,4.4,4.23,4.03,4.25,4.31,3.99,4.08,4.38,3.79,3.99,4.41,4.47,4.66,4.64,4.51,4.56,4.76,4.5,4.5,4.75,4.59,4.51,4.63,4.55,4.49,4.58,4.5,4.58,4.56,4.57,4.71,4.76,4.66,4.61,4.59,4.63,4.55,4.64,4.5,4.44,4.8
SRR7958042_15_D_Post,4.15,4.53,4.25,4.47,4.58,4.47,4.51,4.27,4.34,4.4,4.48,3.88,4.43,4.66,4.43,4.36,4.29,4.47,4.54,4.63,4.48,4.33,3.97,4.36,3.82,4.47,4.45,4.56,4.46,4.46,4.4,4.34,4.41,4.45,4.4,4.64,4.28,4.38,4.4,4.52,4.25,4.89,4.52,4.51,4.38,4.5,4.46,4.27,4.19,4.66,4.34,4.26,3.96,4.31,4.29,4.2,4.5,4.58,4.7,4.15,4.31,4.42,4.22,4.38,4.43,4.57,4.45,4.51,4.56,4.38,4.36,4.44,4.4,4.29,4.16,4.07,4.2,4.22,4.47,4.26,4.5,4.35,4.07,4.25,4.31,4.4,4.38,4.46,4.45,4.36,4.29,4.4,4.07,4.38,4.47,3.62,4.07,4.18,3.94,4.3,4.31,3.98,3.88,4.24,4.24,4.1,4.51,4.34,4.31,4.21,4.28,4.37,4.41,4.5,4.41,4.54,4.34,4.36,4.34,4.35,4.05,4.2,4.19,3.98,4.39
SRR7958041_15_D_Post,4.32,4.74,4.4,4.77,4.43,4.56,4.51,4.35,4.46,4.45,4.69,4.32,4.39,4.7,4.54,4.72,4.35,4.61,4.63,4.69,4.75,4.46,3.85,4.49,3.84,4.34,4.46,4.77,4.55,4.5,4.43,4.23,4.6,4.4,4.37,4.63,4.38,4.45,4.54,4.63,4.51,4.89,4.57,4.6,4.4,4.46,4.65,4.46,4.3,4.7,4.41,4.42,4.37,4.45,4.47,4.25,4.64,4.59,4.81,4.33,4.36,4.66,4.46,4.6,4.66,4.67,4.74,4.81,4.63,4.57,4.42,4.54,4.62,4.39,4.12,4.47,4.53,4.49,4.67,4.6,4.63,4.64,4.21,4.4,4.4,4.42,4.33,4.51,4.51,4.56,4.29,4.61,4.08,4.49,4.66,4.07,3.89,4.47,4.09,4.21,4.05,4.32,4.35,4.26,4.37,4.11,4.57,4.38,4.39,4.17,4.47,4.42,4.45,4.45,4.55,4.58,4.22,4.49,4.28,4.45,4.05,4.1,3.84,4.34,4.51
SRR7958040_45_D_Post,4.38,4.77,4.45,4.56,4.77,4.7,4.69,4.21,4.37,4.42,4.43,4.16,4.54,4.66,4.71,4.53,4.32,4.56,4.69,4.59,4.61,4.46,4.49,4.48,4.48,4.51,4.43,4.49,4.41,4.61,4.58,4.28,4.52,4.54,4.49,4.69,4.46,4.49,4.42,4.68,4.58,4.75,4.66,4.4,4.54,4.71,4.48,4.34,4.35,4.79,4.22,4.39,4.21,4.49,4.55,4.22,4.73,4.8,4.75,4.33,4.51,4.53,4.49,4.56,4.71,4.86,4.55,4.65,4.43,4.51,4.46,4.51,4.63,4.36,4.15,4.24,4.2,4.54,4.29,4.42,4.5,4.6,4.27,4.25,4.38,4.41,4.49,4.46,4.65,4.46,4.51,4.57,4.23,4.51,4.64,4.18,4.47,3.95,4.28,4.23,4.59,4.36,4.31,4.59,4.09,4.49,4.59,4.49,4.37,4.49,4.56,4.52,4.67,4.61,4.55,4.84,4.36,4.53,4.51,4.02,4.42,4.31,4.58,4.17,4.27
SRR7958039_15_D_Post,4.35,4.63,4.56,4.65,4.58,4.43,4.61,4.33,4.46,4.36,4.51,4.26,4.35,4.6,4.49,4.61,4.47,4.45,4.59,4.54,4.72,4.57,4.39,4.44,4.13,4.53,4.44,4.67,4.4,4.64,4.55,4.23,4.54,4.56,4.36,4.69,4.41,4.47,4.35,4.73,4.67,4.68,4.42,4.57,4.56,4.66,4.52,4.4,4.27,4.74,4.28,4.21,3.98,4.67,4.54,4.15,4.54,4.58,4.75,4.15,4.35,4.66,4.47,4.44,4.73,4.79,4.66,4.77,4.82,4.57,4.5,4.52,4.67,4.4,4.25,4.27,4.48,4.47,4.52,4.1,4.54,4.64,4.21,4.26,4.42,4.46,4.48,4.52,4.59,4.39,4.47,4.54,4.21,4.43,4.51,3.94,4.09,4.28,4.0,4.13,4.42,4.01,3.93,4.28,4.3,4.17,4.47,4.39,4.4,4.22,4.43,4.51,4.53,4.26,4.44,4.5,4.38,4.49,4.21,4.13,4.04,4.05,4.26,4.11,4.27
SRR7958038_45_D_Post,4.56,4.73,4.55,4.57,4.68,4.58,4.58,4.53,4.67,4.7,4.77,4.51,4.71,4.75,4.63,4.82,4.5,4.63,4.85,4.92,4.75,4.54,4.3,4.64,4.22,4.55,4.39,4.48,4.51,4.74,4.66,4.34,4.49,4.62,4.54,4.79,4.48,4.68,4.59,4.74,4.7,4.78,4.62,4.72,4.62,4.93,4.59,4.55,4.48,4.82,4.22,4.58,4.42,4.62,4.45,4.42,4.64,4.66,4.86,4.3,4.39,4.53,4.35,4.54,4.85,4.7,4.67,4.75,4.78,4.63,4.64,4.61,4.75,4.59,4.35,4.31,4.18,4.56,4.43,4.62,4.57,4.61,4.28,4.38,4.44,4.35,4.62,4.63,4.52,4.6,4.41,4.47,4.3,4.51,4.56,4.3,4.21,4.23,4.13,4.28,4.28,4.19,4.03,4.33,4.55,4.44,4.7,4.64,4.7,4.47,4.7,4.49,4.63,4.62,4.61,4.74,4.71,4.54,4.49,4.41,4.0,4.28,4.66,4.23,4.42
SRR7958037_45_D_Post,4.35,4.73,4.54,4.66,4.72,4.78,4.64,4.55,4.49,4.6,4.55,4.51,4.55,4.87,4.56,4.7,4.43,4.73,4.71,4.51,4.88,4.48,4.32,4.47,4.16,4.62,4.42,4.58,4.57,4.66,4.6,4.31,4.62,4.51,4.49,4.61,4.52,4.46,4.48,4.84,4.49,4.75,4.68,4.56,4.59,4.78,4.6,4.6,4.39,4.7,4.58,4.59,4.52,4.56,4.46,4.32,4.69,4.83,4.71,4.43,4.4,4.77,4.55,4.6,4.75,4.67,4.58,4.8,4.72,4.67,4.55,4.61,4.77,4.43,4.27,4.22,4.39,4.56,4.48,4.67,4.85,4.47,4.32,4.37,4.37,4.36,4.53,4.78,4.61,4.54,4.59,4.63,4.3,4.61,4.76,4.31,4.05,4.59,4.42,4.28,4.3,4.36,4.29,4.3,4.44,4.49,4.7,4.52,4.52,4.47,4.58,4.57,4.5,4.64,4.61,4.66,4.42,4.65,4.5,4.45,4.16,4.51,4.05,4.4,4.62
SRR7958036_45_D_Post,4.32,4.59,4.41,4.62,4.71,4.58,4.52,4.41,4.44,4.51,4.58,4.28,4.55,4.64,4.53,4.51,4.36,4.41,4.74,4.58,4.58,4.31,4.27,4.44,4.18,4.52,4.3,4.59,4.43,4.4,4.4,4.27,4.28,4.4,4.44,4.55,4.29,4.42,4.36,4.55,4.42,4.78,4.51,4.57,4.41,4.55,4.48,4.41,4.39,4.71,4.26,4.39,4.16,4.36,4.33,4.28,4.42,4.6,4.62,4.21,4.42,4.47,4.39,4.44,4.61,4.65,4.62,4.72,4.52,4.42,4.38,4.51,4.46,4.43,4.22,4.2,4.29,4.34,4.53,4.22,4.49,4.53,4.21,4.17,4.45,4.47,4.37,4.43,4.58,4.42,4.29,4.3,4.06,4.44,4.5,3.98,4.32,4.36,4.01,4.19,4.36,3.97,4.11,4.38,4.44,4.47,4.68,4.52,4.48,4.45,4.5,4.53,4.61,4.44,4.48,4.62,4.58,4.54,4.43,4.26,4.18,4.37,4.18,4.04,4.05
SRR7958035_45_D_Post,4.54,4.56,4.63,4.69,4.55,4.44,4.56,4.39,4.53,4.61,4.51,4.44,4.62,4.68,4.63,4.79,4.42,4.64,4.7,4.77,4.68,4.62,4.32,4.51,4.0,4.52,4.31,4.69,4.5,4.8,4.5,4.34,4.57,4.55,4.53,4.67,4.4,4.62,4.57,4.7,4.58,4.84,4.75,4.8,4.5,4.78,4.57,4.54,4.46,4.63,4.06,4.37,4.06,4.7,4.5,4.27,4.62,4.74,4.6,4.36,4.3,4.6,4.37,4.38,4.85,4.79,4.65,4.77,4.74,4.54,4.65,4.5,4.58,4.41,4.25,4.06,4.27,4.42,4.29,4.12,4.56,4.59,4.23,4.25,4.43,4.41,4.6,4.38,4.59,4.64,4.43,4.64,4.36,4.56,4.5,3.88,4.35,4.31,3.93,4.03,4.29,4.11,4.17,4.34,4.33,4.5,4.72,4.61,4.67,4.53,4.42,4.36,4.54,4.64,4.66,4.56,4.57,4.7,4.44,4.29,4.19,4.2,4.45,4.11,4.24
SRR7958034_7_D_Post,4.4,4.63,4.53,4.78,4.75,4.66,4.73,4.51,4.49,4.54,4.81,4.34,4.61,4.87,4.73,4.74,4.49,4.71,4.76,4.66,4.65,4.52,4.32,4.68,4.38,4.45,4.57,4.57,4.54,4.69,4.55,4.34,4.68,4.6,4.56,4.68,4.59,4.54,4.55,4.87,4.69,4.94,4.53,4.62,4.54,4.72,4.51,4.62,4.37,4.77,4.54,4.49,4.47,4.5,4.67,4.43,4.63,4.79,4.91,4.25,4.5,4.7,4.45,4.61,4.91,4.78,4.75,4.9,4.74,4.55,4.51,4.5,4.66,4.54,4.55,4.52,4.39,4.39,4.56,4.8,4.71,4.7,4.23,4.4,4.52,4.67,4.43,4.47,4.53,4.57,4.42,4.54,4.44,4.5,4.75,4.24,4.26,4.59,4.28,4.33,4.3,4.38,4.34,4.3,4.81,4.61,4.73,4.73,4.63,4.71,4.72,4.68,4.64,4.62,4.59,4.83,4.71,4.72,4.69,4.6,4.46,4.58,4.32,4.58,4.6
SRR7958033_7_D_Post,4.46,4.65,4.36,4.47,4.75,4.55,4.69,4.29,4.59,4.47,4.48,4.38,4.6,4.68,4.68,4.64,4.51,4.62,4.66,4.6,4.77,4.6,4.36,4.46,4.23,4.61,4.49,4.77,4.5,4.71,4.55,4.44,4.59,4.57,4.49,4.83,4.45,4.63,4.48,4.74,4.56,4.79,4.63,4.61,4.41,4.73,4.49,4.51,4.34,4.75,4.27,4.32,4.2,4.84,4.56,4.25,4.76,4.77,4.57,4.15,4.38,4.55,4.49,4.52,4.61,4.68,4.59,4.64,4.63,4.5,4.58,4.53,4.55,4.44,4.21,4.16,4.28,4.6,4.67,4.67,4.67,4.54,4.13,4.22,4.59,4.61,4.61,4.48,4.68,4.48,4.47,4.79,4.19,4.49,4.59,4.24,4.37,4.09,4.3,4.55,4.44,4.44,4.33,4.81,3.99,4.49,4.6,4.6,4.51,4.55,4.65,4.65,4.52,4.53,4.55,4.69,4.59,4.52,4.5,4.49,4.19,4.23,4.52,4.06,4.33
SRR7958032_15_D_Post,4.37,4.71,4.37,4.69,4.53,4.46,4.52,4.36,4.54,4.36,4.38,4.28,4.55,4.73,4.48,4.69,4.25,4.42,4.51,4.44,4.35,4.14,3.62,4.49,3.7,4.01,4.32,4.32,4.25,4.52,4.63,4.29,4.48,4.44,4.56,4.61,4.38,4.49,4.34,4.64,4.44,4.77,4.58,4.54,4.31,4.57,4.43,4.43,4.35,4.73,4.64,4.38,4.33,4.37,4.25,4.07,4.44,4.75,4.68,4.3,4.26,4.61,4.29,4.53,4.65,4.76,4.57,4.81,4.58,4.73,4.27,4.67,4.39,4.35,4.03,4.48,4.62,3.86,4.22,4.62,4.5,4.36,4.02,4.14,4.28,4.38,4.3,4.4,4.4,4.41,4.41,4.43,4.2,4.45,4.51,4.1,4.11,4.49,4.17,4.44,4.49,4.47,4.5,4.61,4.49,3.78,4.43,3.86,3.62,3.88,4.16,4.12,3.99,4.25,4.21,4.36,4.26,4.37,4.22,4.44,4.23,4.31,4.06,4.21,4.38
SRR7958031_15_D_Post,4.62,4.89,4.66,4.7,4.77,4.78,4.74,4.53,4.68,4.8,4.72,4.46,4.91,4.79,4.78,4.68,4.67,4.82,4.86,5.0,4.63,4.66,4.18,4.7,4.08,4.7,4.2,4.61,4.49,4.64,4.49,4.6,4.74,4.54,4.57,4.88,4.55,4.75,4.58,4.68,4.76,4.89,4.73,4.67,4.47,4.76,4.68,4.53,4.55,4.85,4.75,4.47,4.61,4.95,4.59,4.19,4.71,4.8,4.94,4.34,4.48,4.74,4.62,4.58,4.99,4.61,4.76,4.67,4.72,4.66,4.54,4.57,4.76,4.57,4.23,4.81,4.91,4.81,4.42,4.77,4.24,4.5,4.37,4.18,4.5,4.61,4.64,4.54,4.68,4.62,4.68,4.68,4.51,4.45,4.63,4.51,4.57,4.59,4.47,4.7,4.7,4.68,4.72,4.73,4.6,4.43,4.34,4.37,4.4,4.59,4.35,4.31,4.3,3.88,4.38,4.9,4.64,4.55,4.69,4.58,4.68,4.63,4.64,4.52,4.65
SRR7958030_15_D_Post,4.55,4.7,4.67,4.72,4.77,4.76,4.63,4.31,4.5,4.5,4.47,4.44,4.6,4.77,4.6,4.66,4.37,4.56,4.7,4.64,4.44,4.33,3.83,4.3,3.61,4.41,4.3,4.3,4.37,4.48,4.89,4.44,4.62,4.57,4.43,4.84,4.59,4.5,4.52,4.69,4.64,4.91,4.58,4.67,4.47,4.8,4.62,4.54,4.51,5.01,4.72,4.52,4.57,4.57,4.53,4.04,4.44,4.78,4.9,4.23,4.23,4.37,4.36,4.55,4.74,4.87,4.61,4.6,4.75,4.64,4.68,4.56,4.64,4.53,4.33,4.59,4.59,4.25,4.42,4.63,4.6,4.49,4.19,4.34,4.23,4.46,4.45,4.25,4.45,4.35,4.45,4.63,4.29,4.44,4.55,4.34,4.38,4.49,4.39,4.64,4.52,4.52,4.61,4.73,4.6,3.86,4.37,3.92,3.92,4.18,4.07,4.03,4.32,4.18,4.14,4.5,4.45,4.55,4.49,4.48,4.31,4.51,4.35,4.37,4.43
SRR7958029_15_D_Post,4.42,4.66,4.4,4.43,4.71,4.47,4.53,4.29,4.56,4.33,4.38,4.31,4.53,4.71,4.52,4.53,4.33,4.4,4.63,4.25,4.43,3.94,3.88,4.37,3.86,4.22,3.98,4.17,4.02,4.3,4.71,4.24,4.35,4.54,4.31,4.53,4.42,4.46,4.36,4.68,4.45,4.73,4.71,4.46,4.47,4.64,4.5,4.48,4.43,4.74,4.57,4.42,4.53,4.37,4.38,4.14,4.65,4.65,4.49,4.32,4.34,4.6,4.28,4.57,4.67,4.58,4.74,4.61,4.53,4.58,4.54,4.6,4.45,4.39,4.14,4.55,4.63,4.27,4.21,4.71,4.65,4.51,4.06,4.03,4.09,4.61,4.43,4.4,4.61,4.47,4.37,4.53,4.31,4.41,4.49,4.31,4.39,4.37,4.4,4.7,4.52,4.48,4.67,4.63,4.51,3.62,4.4,3.92,3.82,4.07,4.2,4.15,4.06,4.29,4.32,4.51,4.34,4.37,4.62,4.63,4.18,4.43,4.37,4.21,4.24
SRR7958028_45_D_Post,4.38,4.55,4.43,4.63,4.6,4.55,4.5,4.44,4.43,4.48,4.38,4.24,4.5,4.75,4.58,4.59,4.29,4.44,4.7,4.4,4.54,4.11,3.84,4.45,3.8,4.05,3.92,4.36,4.46,4.46,4.52,4.21,4.53,4.59,4.47,4.59,4.36,4.58,4.44,4.6,4.34,4.83,4.69,4.45,4.46,4.67,4.55,4.51,4.41,4.78,4.47,4.42,4.48,4.36,4.45,4.09,4.6,4.65,4.68,4.26,4.46,4.48,4.22,4.48,4.71,4.42,4.43,4.75,4.49,4.6,4.43,4.69,4.4,4.27,4.1,4.41,4.57,3.85,4.44,4.75,4.56,4.56,4.06,4.1,4.21,4.36,4.37,4.52,4.48,4.4,4.37,4.35,4.13,4.37,4.58,4.21,4.17,4.49,4.22,4.47,4.47,4.45,4.53,4.71,4.55,3.88,4.59,4.18,4.07,3.59,4.43,4.16,4.29,4.47,4.2,4.5,4.45,4.53,4.31,4.67,4.29,4.41,4.22,4.2,4.62
SRR7958027_45_D_Post,4.5,4.77,4.33,4.6,4.64,4.72,4.68,4.41,4.54,4.41,4.64,4.36,4.52,4.66,4.72,4.62,4.61,4.57,4.73,4.42,4.5,4.32,4.34,4.57,4.28,4.55,4.16,4.31,4.47,4.74,4.56,4.41,4.57,4.38,4.36,4.62,4.58,4.55,4.49,4.69,4.54,4.74,4.54,4.51,4.48,4.81,4.55,4.67,4.5,4.8,4.7,4.5,4.53,4.48,4.34,4.29,4.59,4.77,4.73,4.31,4.39,4.72,4.49,4.61,4.83,4.71,4.6,4.81,4.79,4.57,4.56,4.67,4.43,4.57,4.29,4.47,4.68,4.41,4.1,4.59,4.38,4.57,4.16,4.25,4.13,4.44,4.52,4.49,4.47,4.4,4.46,4.67,4.26,4.58,4.5,4.28,4.47,4.56,4.43,4.7,4.58,4.5,4.42,4.72,4.65,4.16,4.35,4.07,4.2,4.43,3.87,4.27,4.55,4.38,4.3,4.61,4.55,4.54,4.7,4.63,4.64,4.7,4.56,4.41,4.51
SRR7958026_45_D_Post,4.49,4.72,4.74,4.77,4.73,4.59,4.65,4.81,4.55,4.61,4.68,4.48,4.6,4.72,4.66,4.93,4.52,4.63,4.82,4.52,4.86,4.15,4.09,4.56,4.12,4.23,4.11,3.94,4.38,4.63,4.41,4.27,4.56,4.61,4.36,4.61,4.34,4.5,4.41,4.76,4.5,4.87,4.64,4.53,4.46,4.63,4.7,4.54,4.42,4.77,4.65,4.59,4.55,4.26,4.4,4.19,4.51,4.67,4.92,4.4,4.48,4.76,4.41,4.68,4.85,4.78,4.65,4.83,4.69,4.53,4.46,4.58,4.56,4.37,4.22,4.48,4.67,4.36,4.36,4.77,4.13,4.63,4.2,4.08,4.06,4.23,4.51,4.61,4.63,4.56,4.43,4.56,4.25,4.29,4.58,4.37,4.42,4.52,4.51,4.49,4.57,4.53,4.36,4.68,4.65,4.12,4.31,4.03,4.15,4.16,4.27,4.21,4.27,4.32,4.14,4.58,4.47,4.49,4.46,4.46,4.42,4.47,4.4,4.29,4.51
SRR7958025_45_D_Post,4.45,4.74,4.39,4.63,4.74,4.72,4.55,4.36,4.41,4.51,4.55,4.54,4.73,4.64,4.74,4.9,4.28,4.65,4.76,4.31,4.67,4.22,3.93,4.48,3.86,4.3,4.28,4.22,4.07,4.68,4.4,4.45,4.51,4.51,4.47,4.8,4.46,4.69,4.58,4.64,4.63,4.81,4.73,4.55,4.47,4.82,4.63,4.39,4.29,4.82,4.77,4.35,4.51,4.71,4.52,4.18,4.55,4.65,4.77,4.24,4.37,4.82,4.34,4.6,4.81,4.62,4.57,4.63,4.79,4.7,4.62,4.61,4.66,4.5,4.28,4.7,4.73,4.08,4.23,4.79,4.59,4.41,4.23,3.87,4.41,4.4,4.54,4.46,4.52,4.44,4.49,4.58,4.26,4.47,4.56,4.41,4.45,4.67,4.53,4.63,4.5,4.61,4.54,4.64,4.52,3.99,4.3,4.32,4.06,4.29,4.55,4.27,3.99,4.24,4.31,4.61,4.41,4.44,4.48,4.62,4.57,4.49,4.44,4.3,4.54
SRR7958024_7_D_Post,4.44,4.81,4.41,4.62,4.78,4.67,4.58,4.29,4.41,4.52,4.59,4.32,4.73,4.79,4.57,4.76,4.45,4.68,4.9,4.88,4.91,4.5,4.22,4.65,4.18,4.44,4.18,4.7,4.28,4.72,4.55,4.48,4.46,4.56,4.66,4.95,4.56,4.6,4.48,4.62,4.74,4.85,4.78,4.64,4.48,4.93,4.68,4.53,4.57,4.93,4.67,4.38,4.43,4.74,4.66,4.16,4.67,4.65,4.89,4.26,4.32,4.71,4.41,4.5,4.81,4.78,4.69,4.71,4.78,4.59,4.79,4.61,4.62,4.64,4.25,4.58,4.66,4.58,4.21,4.76,4.28,4.43,4.31,3.84,4.41,4.57,4.51,4.62,4.6,4.6,4.61,4.71,4.43,4.36,4.57,4.5,4.45,4.61,4.26,4.62,4.64,4.44,4.64,4.62,4.53,4.25,3.88,4.18,4.29,4.47,4.38,4.32,4.24,4.23,4.39,4.83,4.51,4.61,4.53,4.51,4.64,4.57,4.47,4.32,4.64
SRR7958023_45_D_Post,4.63,4.81,4.54,4.77,4.83,4.59,4.67,4.65,4.46,4.54,4.55,4.51,4.6,4.82,4.79,4.83,4.77,4.69,4.78,4.74,4.53,4.25,4.33,4.64,4.36,4.17,4.39,4.2,4.1,4.6,4.58,4.45,4.57,4.66,4.62,4.84,4.55,4.55,4.53,4.8,4.76,4.88,4.81,4.5,4.58,4.82,4.7,4.56,4.55,4.93,4.75,4.33,4.47,4.57,4.51,4.45,4.55,4.74,4.92,4.46,4.51,4.7,4.49,4.66,4.88,4.82,4.91,4.79,4.68,4.57,4.48,4.65,4.67,4.48,4.35,4.35,4.58,4.05,4.58,4.81,4.42,4.63,4.37,3.8,4.2,4.54,4.45,4.67,4.65,4.55,4.42,4.66,4.26,4.55,4.71,4.41,4.55,4.55,4.44,4.61,4.61,4.48,4.66,4.59,4.55,4.21,4.38,4.14,4.32,4.2,4.3,4.14,4.31,4.39,4.02,4.61,4.43,4.59,4.56,4.55,4.46,4.49,4.52,4.45,4.65
SRR7958022_7_D_Pre,4.63,4.85,4.64,4.76,4.79,4.73,4.73,4.67,4.73,4.57,4.82,4.46,4.71,4.82,4.8,4.6,4.74,4.66,4.57,4.6,4.59,4.7,4.38,4.5,4.32,4.72,4.66,4.56,4.64,4.78,4.83,4.38,4.8,4.7,4.54,4.76,4.53,4.67,4.55,4.69,4.76,4.78,4.72,4.71,4.61,4.83,4.69,4.74,4.57,4.67,4.69,4.37,4.76,4.63,4.55,4.43,4.69,4.57,4.67,4.35,4.21,4.62,4.65,4.29,4.52,4.69,4.43,4.66,4.24,4.76,4.75,4.79,4.35,4.64,4.49,4.7,4.68,4.66,4.63,4.82,4.82,4.75,4.4,4.32,4.54,4.68,4.65,4.84,4.77,4.56,4.69,4.91,4.57,4.73,4.76,4.54,4.58,4.84,4.5,4.74,4.66,4.62,4.56,4.83,4.69,4.36,4.9,4.5,4.51,4.5,4.61,4.58,4.61,4.83,4.61,4.47,4.52,4.85,4.4,4.97,4.87,5.03,4.96,4.76,4.95
SRR7958021_7_D_Pre,4.48,4.79,4.62,4.64,4.77,4.67,4.68,4.43,4.5,4.49,4.65,4.3,4.49,4.76,4.59,4.56,4.58,4.45,4.7,4.77,4.58,4.57,4.36,4.57,4.33,4.64,4.44,4.74,4.63,4.58,4.56,4.44,4.65,4.5,4.5,4.68,4.41,4.69,4.54,4.65,4.7,4.76,4.84,4.55,4.53,4.57,4.52,4.51,4.46,4.72,4.56,4.11,4.47,4.63,4.6,4.25,4.51,4.37,4.64,4.17,4.28,4.45,4.64,4.32,4.39,4.56,4.42,4.28,3.89,4.62,4.52,4.76,4.37,4.54,4.28,4.57,4.65,4.48,4.6,4.84,4.8,4.69,4.25,4.23,4.44,4.61,4.48,4.72,4.71,4.63,4.56,4.68,4.39,4.49,4.66,4.34,4.22,4.36,4.38,4.71,4.42,4.58,4.57,4.71,4.59,4.26,4.64,4.45,4.34,4.45,4.55,4.47,4.41,4.51,4.43,4.52,4.19,4.29,4.47,4.71,4.69,4.7,4.63,4.45,4.66
SRR7958020_7_D_Post,4.52,4.76,4.61,4.6,4.87,4.68,4.63,4.49,4.7,4.71,4.55,4.53,4.74,4.65,4.65,4.61,4.48,4.74,4.89,4.98,4.88,4.51,4.45,4.66,4.23,4.6,4.54,4.61,4.54,4.69,4.49,4.52,4.65,4.55,4.63,4.9,4.42,4.83,4.48,4.2,4.68,4.94,4.6,4.49,4.67,4.57,4.67,4.41,4.43,4.83,4.62,4.45,4.58,4.68,4.71,4.37,4.62,4.63,4.58,4.1,4.09,4.59,4.5,4.55,4.35,4.17,4.29,4.18,4.39,4.61,4.56,4.56,4.31,4.46,4.31,4.53,4.64,4.65,4.62,4.87,4.69,4.58,4.25,4.3,4.62,4.52,4.61,4.61,4.76,4.58,4.45,4.61,4.26,4.43,4.61,4.36,4.49,4.53,4.49,4.54,4.65,4.54,4.7,4.72,4.52,4.37,4.55,4.55,4.37,4.53,4.54,4.49,4.44,4.61,4.59,4.85,4.29,4.18,4.44,4.52,4.52,4.55,4.57,4.66,4.58
SRR7958019_7_D_Pre,4.56,4.86,4.64,4.67,4.72,4.69,4.62,4.38,4.47,4.62,4.57,4.37,4.6,4.77,4.82,4.69,4.41,4.6,4.79,4.83,4.79,4.66,4.45,4.59,4.22,4.59,4.43,4.71,4.59,4.7,4.55,4.43,4.67,4.64,4.58,4.82,4.43,4.69,4.56,4.46,4.72,4.83,4.73,4.7,4.52,4.81,4.66,4.67,4.46,4.79,4.49,4.38,4.55,4.71,4.49,4.21,4.7,4.51,4.52,4.15,4.35,4.51,4.5,3.98,4.55,4.61,4.12,4.4,4.63,4.59,4.59,4.54,4.51,4.31,4.35,4.48,4.64,4.65,4.65,4.71,4.62,4.56,4.24,4.24,4.53,4.51,4.66,4.67,4.61,4.54,4.61,4.54,4.4,4.44,4.59,4.34,4.28,4.51,4.21,4.49,4.5,4.43,4.44,4.69,4.5,4.22,4.69,4.49,4.62,4.31,4.7,4.46,4.48,4.53,4.56,4.4,4.47,4.44,4.25,4.74,4.57,4.68,4.69,4.51,4.77
SRR7958018_0_D_Post,4.29,4.66,4.44,4.65,4.64,4.58,4.72,4.33,4.43,4.62,4.61,4.37,4.71,4.74,4.78,4.43,4.68,4.54,4.69,4.64,4.66,4.65,4.76,4.58,4.41,4.71,4.6,4.67,4.56,4.67,4.63,4.42,4.69,4.59,4.42,4.73,4.6,4.58,4.34,4.62,4.51,4.74,4.6,4.61,4.5,4.69,4.49,4.39,4.38,4.68,4.06,4.46,4.35,4.8,4.68,4.43,4.62,4.74,4.76,4.31,4.49,4.71,4.56,4.44,4.85,4.73,4.63,4.75,4.72,4.54,4.59,4.62,4.62,4.6,4.33,4.06,4.4,4.64,4.61,4.46,4.6,4.55,4.41,4.31,4.77,4.48,4.67,4.53,4.74,4.5,4.66,4.71,4.36,4.61,4.63,4.35,4.45,4.02,4.13,4.41,4.45,4.26,4.29,4.6,4.49,4.44,4.58,4.48,4.63,4.67,4.63,4.46,4.62,4.51,4.55,4.97,4.71,4.52,4.74,3.97,4.25,4.38,4.33,4.03,4.39
SRR7958017_0_D_Post,4.35,4.7,4.33,4.65,4.69,4.6,4.6,4.21,4.36,4.51,4.5,4.38,4.34,4.65,4.71,4.5,4.51,4.63,4.61,4.43,4.57,4.37,4.34,4.35,4.16,4.41,4.42,4.43,4.47,4.62,4.57,4.22,4.51,4.47,4.59,4.68,4.43,4.46,4.47,4.72,4.43,4.81,4.59,4.5,4.38,4.66,4.51,4.47,4.33,4.8,4.15,4.33,4.24,4.4,4.46,4.17,4.66,4.76,4.54,4.22,4.33,4.62,4.43,4.7,4.76,4.67,4.77,4.7,4.61,4.56,4.55,4.61,4.52,4.4,4.18,4.08,4.07,4.52,4.52,4.29,4.66,4.54,4.26,4.3,4.38,4.52,4.37,4.37,4.6,4.34,4.44,4.52,4.24,4.53,4.55,4.05,4.05,4.42,4.04,4.0,4.16,4.18,4.19,4.46,4.19,4.23,4.68,4.31,4.18,4.29,4.64,4.42,4.57,4.64,4.46,4.87,4.69,4.52,4.57,4.25,4.03,3.77,4.01,3.99,4.12
SRR7958016_0_D_Post,4.38,4.76,4.58,4.57,4.77,4.58,4.58,4.28,4.48,4.49,4.67,4.31,4.64,4.79,4.7,4.46,4.44,4.63,4.76,4.6,4.63,4.64,4.52,4.48,4.33,4.52,4.57,4.58,4.52,4.66,4.58,4.44,4.42,4.45,4.48,4.57,4.51,4.33,4.38,4.7,4.62,4.72,4.51,4.55,4.44,4.68,4.58,4.41,4.4,4.85,4.03,4.27,4.19,4.5,4.35,4.39,4.55,4.75,4.73,4.26,4.5,4.65,4.39,4.61,4.74,4.7,4.7,4.69,4.57,4.54,4.4,4.57,4.61,4.49,4.18,4.01,4.35,4.5,4.63,4.43,4.68,4.68,4.36,4.37,4.48,4.55,4.59,4.53,4.71,4.58,4.38,4.68,4.18,4.7,4.64,4.2,4.1,4.31,4.05,4.28,4.51,4.37,4.2,4.58,4.23,4.31,4.63,4.51,4.43,4.41,4.7,4.47,4.49,4.57,4.49,5.03,4.7,4.55,4.68,4.38,3.77,4.14,4.29,4.18,4.35
SRR7958015_0_D_Post,4.28,4.58,4.39,4.56,4.73,4.62,4.43,4.38,4.32,4.52,4.58,4.2,4.44,4.78,4.48,4.47,4.52,4.43,4.64,4.52,4.61,4.53,4.24,4.44,4.21,4.42,4.34,4.63,4.61,4.51,4.55,4.17,4.56,4.43,4.45,4.65,4.41,4.52,4.35,4.6,4.51,4.85,4.63,4.6,4.48,4.73,4.43,4.56,4.26,4.67,4.5,4.2,4.28,4.54,4.33,4.2,4.55,4.77,4.68,4.32,4.43,4.54,4.49,4.44,4.7,4.63,4.49,4.62,4.55,4.58,4.58,4.55,4.49,4.3,4.13,4.22,4.44,4.43,4.57,4.47,4.59,4.49,4.08,4.16,4.44,4.38,4.45,4.61,4.58,4.39,4.28,4.54,4.15,4.5,4.5,4.19,3.84,4.58,4.26,4.66,4.05,4.18,4.45,4.32,4.52,4.06,4.64,4.35,4.37,4.22,4.56,4.4,4.44,4.47,4.52,4.96,4.63,4.57,4.69,4.33,4.01,4.29,3.58,4.32,4.62
SRR7958014_0_D_Post,4.29,4.64,4.39,4.53,4.56,4.53,4.63,4.28,4.31,4.43,4.35,4.19,4.47,4.66,4.55,4.4,4.29,4.6,4.73,4.4,4.45,4.39,4.37,4.43,4.13,4.51,4.49,4.48,4.28,4.43,4.56,4.38,4.46,4.46,4.38,4.52,4.5,4.39,4.45,4.66,4.46,4.55,4.61,4.59,4.36,4.7,4.45,4.46,4.29,4.65,4.47,4.34,4.16,4.35,4.34,4.12,4.44,4.55,4.61,4.06,4.24,4.45,4.39,4.51,4.7,4.81,4.6,4.55,4.62,4.46,4.4,4.46,4.46,4.43,4.05,4.12,4.23,4.43,4.36,4.33,4.58,4.3,3.99,4.17,4.2,4.47,4.41,4.36,4.63,4.34,4.48,4.61,4.09,4.39,4.44,3.98,4.34,4.17,4.11,4.23,4.4,4.04,4.11,4.58,4.06,4.21,4.52,4.37,4.21,4.2,4.41,4.29,4.3,4.32,4.45,4.76,4.45,4.66,4.51,4.03,3.99,4.18,4.32,4.32,4.31
SRR7958013_15_D_Post,4.44,4.81,4.5,4.64,4.72,4.74,4.77,4.29,4.43,4.54,4.7,4.32,4.63,4.68,4.62,4.63,4.61,4.58,4.74,4.53,4.52,4.65,4.63,4.36,4.42,4.66,4.42,4.49,4.55,4.64,4.69,4.41,4.63,4.66,4.43,4.81,4.55,4.61,4.54,4.8,4.64,4.85,4.71,4.71,4.51,4.65,4.6,4.48,4.57,4.82,4.5,4.6,4.35,4.76,4.57,4.5,4.72,4.89,4.84,4.25,4.48,4.74,4.59,4.72,4.81,4.72,4.73,4.6,4.55,4.48,4.57,4.71,4.53,4.44,4.33,4.39,4.62,4.56,4.61,4.28,4.61,4.65,4.52,4.34,4.48,4.68,4.69,4.56,4.8,4.62,4.71,4.73,4.38,4.66,4.8,4.39,4.51,4.27,4.27,4.42,4.62,4.05,4.24,4.6,4.33,4.38,4.65,4.43,4.24,4.62,4.51,4.51,4.54,4.64,4.65,4.95,4.66,4.58,4.77,4.39,4.12,4.35,4.62,4.31,3.88
